"","open_time","open","high","low","close","volume","close_time","quote_asset_volume","trades","taker_buy_base_asset_volume","taker_buy_quote_asset_volume","symbol"
"1",2021-06-15 12:15:00,40344.97,40344.97,40317.46,40321.63,21.31793,2021-06-15 12:15:59,859771.25626806,471,5.525931,222854.48739474,"BTCUSDT"
"2",2021-06-15 12:16:00,40321.64,40321.64,40280,40296.2,39.198578,2021-06-15 12:16:59,1579576.70056473,768,13.398226,539871.97027049,"BTCUSDT"
"3",2021-06-15 12:17:00,40296.41,40305.48,40283.98,40291.03,12.506594,2021-06-15 12:17:59,503973.44805501,498,6.665019,268578.34017095,"BTCUSDT"
"4",2021-06-15 12:18:00,40291.02,40295.1,40280.01,40284.27,12.189341,2021-06-15 12:18:59,491049.91431993,466,6.899746,277960.02527385,"BTCUSDT"
"5",2021-06-15 12:19:00,40284.28,40298.16,40261.22,40292.14,43.271279,2021-06-15 12:19:59,1742911.32423637,871,28.272127,1138745.26341262,"BTCUSDT"
"6",2021-06-15 12:20:00,40292.13,40336.54,40280.11,40288.72,38.762381,2021-06-15 12:20:59,1562329.21782655,729,26.54112,1069827.70252382,"BTCUSDT"
"7",2021-06-15 12:21:00,40288.71,40297.14,40282.28,40295.19,13.724698,2021-06-15 12:21:59,552958.04673205,422,7.696519,310090.60495835,"BTCUSDT"
"8",2021-06-15 12:22:00,40295.21,40295.21,40271.99,40275.01,64.689038,2021-06-15 12:22:59,2605817.56166462,1050,48.657507,1960022.92039904,"BTCUSDT"
"9",2021-06-15 12:23:00,40275,40277.79,40238.61,40246.18,42.836293,2021-06-15 12:23:59,1724430.2412295,888,19.12394,769831.19046793,"BTCUSDT"
"10",2021-06-15 12:24:00,40248.39,40282.57,40248.39,40251.01,55.864876,2021-06-15 12:24:59,2249178.86218153,747,26.946463,1084983.5797293,"BTCUSDT"
"11",2021-06-15 12:25:00,40252.02,40252.02,40211.69,40232.37,41.736335,2021-06-15 12:25:59,1679103.82134744,753,10.122423,407239.11151534,"BTCUSDT"
"12",2021-06-15 12:26:00,40232.37,40265.17,40232.37,40264.63,26.716234,2021-06-15 12:26:59,1075374.94443682,544,15.570892,626702.45671348,"BTCUSDT"
"13",2021-06-15 12:27:00,40264.64,40311.47,40263.91,40306.11,30.531491,2021-06-15 12:27:59,1230030.5595846,763,19.151882,771540.30687746,"BTCUSDT"
"14",2021-06-15 12:28:00,40306.11,40307.94,40261.96,40269.82,40.067966,2021-06-15 12:28:59,1614189.65172049,723,20.765799,836602.99496149,"BTCUSDT"
"15",2021-06-15 12:29:00,40269.81,40292.54,40263.45,40282.94,23.30766,2021-06-15 12:29:59,938796.18386303,469,11.708937,471650.70721812,"BTCUSDT"
"16",2021-06-15 12:30:00,40282.94,40330,40279.88,40289.97,37.675078,2021-06-15 12:30:59,1518636.10345933,891,13.355048,538312.32186757,"BTCUSDT"
"17",2021-06-15 12:31:00,40289.97,40289.97,40238.63,40245.12,36.736553,2021-06-15 12:31:59,1479272.1061689,769,6.055282,243867.42955385,"BTCUSDT"
"18",2021-06-15 12:32:00,40245.12,40254.1,40123,40155.04,147.639866,2021-06-15 12:32:59,5932928.06503717,2907,47.448763,1906640.42109962,"BTCUSDT"
"19",2021-06-15 12:33:00,40155.04,40189.92,40123,40185.93,56.375829,2021-06-15 12:33:59,2264241.12808749,1138,29.103139,1168926.13211042,"BTCUSDT"
"20",2021-06-15 12:34:00,40185.93,40206.91,40123,40153.49,51.563618,2021-06-15 12:34:59,2070940.42601426,1148,19.854513,797628.87336458,"BTCUSDT"
"21",2021-06-15 12:35:00,40153.5,40166.71,40147.13,40147.94,25.921007,2021-06-15 12:35:59,1040838.33368949,634,14.71075,590708.68421382,"BTCUSDT"
"22",2021-06-15 12:36:00,40148.52,40150,40100,40106.66,84.387776,2021-06-15 12:36:59,3384705.02903273,1491,16.977337,680989.93004148,"BTCUSDT"
"23",2021-06-15 12:37:00,40106.66,40142.77,40100,40107.24,39.762926,2021-06-15 12:37:59,1595111.31524356,929,16.399496,657927.91822173,"BTCUSDT"
"24",2021-06-15 12:38:00,40107.24,40147.07,40107.24,40147.07,31.877244,2021-06-15 12:38:59,1279297.38032441,701,16.478095,661334.69640889,"BTCUSDT"
"25",2021-06-15 12:39:00,40142.71,40159.48,40136.87,40154.18,19.062594,2021-06-15 12:39:59,765341.76236252,627,11.108997,446021.17877182,"BTCUSDT"
"26",2021-06-15 12:40:00,40154.18,40192.63,40154.17,40183.36,29.990071,2021-06-15 12:40:59,1204658.20576316,773,17.535087,704415.41582631,"BTCUSDT"
"27",2021-06-15 12:41:00,40183.35,40199.77,40162.13,40167.98,21.145267,2021-06-15 12:41:59,849600.19033986,584,11.992616,481859.95990698,"BTCUSDT"
"28",2021-06-15 12:42:00,40167.98,40200,40162.15,40197.58,20.145531,2021-06-15 12:42:59,809473.90222034,600,12.675701,509348.43545362,"BTCUSDT"
"29",2021-06-15 12:43:00,40197.57,40200,40170.69,40177.08,20.806784,2021-06-15 12:43:59,836206.82840232,476,8.258,331896.55927324,"BTCUSDT"
"30",2021-06-15 12:44:00,40177.09,40214.63,40170.71,40210.5,15.589524,2021-06-15 12:44:59,626572.17724174,504,11.375198,457182.91084248,"BTCUSDT"
"31",2021-06-15 12:45:00,40210.5,40250,40177,40177.01,63.443098,2021-06-15 12:45:59,2551359.8260051,1012,31.846325,1280943.6339842,"BTCUSDT"
"32",2021-06-15 12:46:00,40177,40177.01,40126.27,40146.45,28.846638,2021-06-15 12:46:59,1158184.42612647,738,9.263649,371882.69375013,"BTCUSDT"
"33",2021-06-15 12:47:00,40146.44,40159.54,40105.75,40105.75,37.451311,2021-06-15 12:47:59,1503143.45339112,681,13.168051,528557.40641527,"BTCUSDT"
"34",2021-06-15 12:48:00,40105.76,40167.8,40104.99,40167.8,31.673604,2021-06-15 12:48:59,1270901.58760787,758,20.502006,822603.08122468,"BTCUSDT"
"35",2021-06-15 12:49:00,40167.8,40200,40163.22,40183.26,23.841459,2021-06-15 12:49:59,957984.51088056,589,13.418631,539215.12771271,"BTCUSDT"
"36",2021-06-15 12:50:00,40183.26,40202.14,40183.26,40199.01,15.01259,2021-06-15 12:50:59,603448.76336628,494,7.642132,307182.34440835,"BTCUSDT"
"37",2021-06-15 12:51:00,40199,40199.01,40165.31,40192.07,20.06386,2021-06-15 12:51:59,806216.4631489,578,4.876565,195947.50749693,"BTCUSDT"
"38",2021-06-15 12:52:00,40192.07,40237.98,40188.68,40230,37.712901,2021-06-15 12:52:59,1516646.03568242,761,24.378308,980286.01759347,"BTCUSDT"
"39",2021-06-15 12:53:00,40229.99,40253.79,40208.76,40210.5,17.411022,2021-06-15 12:53:59,700449.15605461,583,7.793774,313578.13298612,"BTCUSDT"
"40",2021-06-15 12:54:00,40211.07,40285,40211.07,40276.8,18.376065,2021-06-15 12:54:59,739596.67625452,690,12.691345,510843.64758088,"BTCUSDT"
"41",2021-06-15 12:55:00,40273.8,40283.35,40238,40258.08,40.539006,2021-06-15 12:55:59,1631974.15478741,631,10.582607,426015.46016044,"BTCUSDT"
"42",2021-06-15 12:56:00,40258.09,40300,40254.09,40290.9,35.159347,2021-06-15 12:56:59,1416387.92766856,797,24.478256,986109.82941207,"BTCUSDT"
"43",2021-06-15 12:57:00,40290.89,40300,40270,40272.78,40.570023,2021-06-15 12:57:59,1634577.08579963,710,20.681126,833249.58007849,"BTCUSDT"
"44",2021-06-15 12:58:00,40272.79,40296.7,40251.31,40260,28.295456,2021-06-15 12:58:59,1139729.93197613,638,12.614588,508162.38337805,"BTCUSDT"
"45",2021-06-15 12:59:00,40256.5,40274.53,40238,40271.7,21.297494,2021-06-15 12:59:59,857233.8285222,670,12.664217,509738.68074416,"BTCUSDT"
"46",2021-06-15 13:00:00,40271.59,40345,40263.06,40323.82,71.325793,2021-06-15 13:00:59,2874753.39145594,1115,61.278472,2469629.65340913,"BTCUSDT"
"47",2021-06-15 13:01:00,40323.82,40373.73,40323.82,40347.41,55.0366,2021-06-15 13:01:59,2221048.87967312,1099,31.276052,1262172.03954397,"BTCUSDT"
"48",2021-06-15 13:02:00,40347.41,40368.1,40347.41,40367.6,19.288402,2021-06-15 13:02:59,778479.19030504,529,7.857693,317122.09145708,"BTCUSDT"
"49",2021-06-15 13:03:00,40367.61,40370,40323.84,40336.16,25.957911,2021-06-15 13:03:59,1047323.22637681,675,7.093166,286176.51366864,"BTCUSDT"
"50",2021-06-15 13:04:00,40335.27,40336.08,40285,40285.04,29.75474,2021-06-15 13:04:59,1199578.00669298,753,15.957136,643385.94533037,"BTCUSDT"
"51",2021-06-15 13:05:00,40285.01,40322.27,40285,40318.35,23.553362,2021-06-15 13:05:59,949503.78286023,588,10.358397,417546.23949635,"BTCUSDT"
"52",2021-06-15 13:06:00,40316.14,40316.14,40183.08,40212.81,89.31398,2021-06-15 13:06:59,3594889.85535913,1327,18.734988,754322.75750106,"BTCUSDT"
"53",2021-06-15 13:07:00,40212.82,40238.21,40176.68,40189.93,41.805025,2021-06-15 13:07:59,1680938.80328806,921,19.271229,774935.10477292,"BTCUSDT"
"54",2021-06-15 13:08:00,40191,40222.01,40186.29,40202.57,23.530456,2021-06-15 13:08:59,946045.98752044,617,10.406046,418417.62949468,"BTCUSDT"
"55",2021-06-15 13:09:00,40202.57,40202.57,40158.37,40176.74,33.773118,2021-06-15 13:09:59,1356756.17571567,756,10.378874,416931.94756124,"BTCUSDT"
"56",2021-06-15 13:10:00,40176.74,40209.99,40161.58,40186.91,27.870394,2021-06-15 13:10:59,1120158.30958984,608,11.957628,480628.62203351,"BTCUSDT"
"57",2021-06-15 13:11:00,40186.9,40240,40186.89,40214.98,34.203286,2021-06-15 13:11:59,1375397.55281857,659,15.557993,625770.67718923,"BTCUSDT"
"58",2021-06-15 13:12:00,40215.82,40246.44,40214.98,40217.35,16.678149,2021-06-15 13:12:59,670831.78454871,534,6.524828,262459.15799739,"BTCUSDT"
"59",2021-06-15 13:13:00,40217.35,40248.51,40217.34,40229.5,18.717281,2021-06-15 13:13:59,753096.37025178,509,9.819469,395106.76174983,"BTCUSDT"
"60",2021-06-15 13:14:00,40230.64,40234.92,40200,40200.01,19.771589,2021-06-15 13:14:59,795093.85529201,536,8.300579,333811.34402391,"BTCUSDT"
"61",2021-06-15 13:15:00,40200.01,40261.77,40200,40222.92,42.226255,2021-06-15 13:15:59,1698801.66568887,811,26.989671,1085793.80079046,"BTCUSDT"
"62",2021-06-15 13:16:00,40222.91,40299.53,40222.91,40295.27,39.668801,2021-06-15 13:16:59,1597423.60112948,760,17.694304,712511.34065563,"BTCUSDT"
"63",2021-06-15 13:17:00,40295.27,40320.94,40264.77,40266.44,30.434334,2021-06-15 13:17:59,1226138.88675919,659,10.055233,405191.03653467,"BTCUSDT"
"64",2021-06-15 13:18:00,40264.79,40284.43,40250,40263.71,15.064468,2021-06-15 13:18:59,606539.61909759,537,5.619144,226262.93197874,"BTCUSDT"
"65",2021-06-15 13:19:00,40263.72,40306.78,40263.72,40289.96,23.741825,2021-06-15 13:19:59,956478.29322192,534,14.293095,575844.37935918,"BTCUSDT"
"66",2021-06-15 13:20:00,40289.97,40312.05,40280,40290.91,23.087411,2021-06-15 13:20:59,930241.2056352,572,13.309777,536257.85865202,"BTCUSDT"
"67",2021-06-15 13:21:00,40290.91,40340.85,40290.91,40306.36,30.744984,2021-06-15 13:21:59,1239592.60324354,698,17.934876,723115.42990433,"BTCUSDT"
"68",2021-06-15 13:22:00,40306.37,40311,40285.04,40285.04,34.403722,2021-06-15 13:22:59,1386544.85097913,628,16.123657,649857.9053009,"BTCUSDT"
"69",2021-06-15 13:23:00,40285.04,40287.66,40262.97,40262.98,14.560911,2021-06-15 13:23:59,586465.89643902,466,5.547398,223430.2962795,"BTCUSDT"
"70",2021-06-15 13:24:00,40262.97,40276.82,40255.55,40274.01,35.2626,2021-06-15 13:24:59,1419790.84804906,615,16.02427,645188.3992363,"BTCUSDT"
"71",2021-06-15 13:25:00,40274.01,40319.68,40274,40300.73,72.347292,2021-06-15 13:25:59,2915326.84996375,912,37.394855,1506808.12963999,"BTCUSDT"
"72",2021-06-15 13:26:00,40300.74,40307.93,40288,40294.3,19.245662,2021-06-15 13:26:59,775558.78548157,497,11.835547,476940.12719629,"BTCUSDT"
"73",2021-06-15 13:27:00,40294.3,40296.65,40270,40287.31,33.205152,2021-06-15 13:27:59,1337491.69344925,782,7.38707,297572.07393876,"BTCUSDT"
"74",2021-06-15 13:28:00,40285.03,40349,40283.64,40334.11,93.092846,2021-06-15 13:28:59,3754482.68769732,927,54.619702,2202739.45169004,"BTCUSDT"
"75",2021-06-15 13:29:00,40334.6,40373.28,40331.16,40365.74,46.73075,2021-06-15 13:29:59,1885682.69618367,849,34.513268,1392806.39505705,"BTCUSDT"
"76",2021-06-15 13:30:00,40367.41,40398.57,40359.27,40391.99,70.298306,2021-06-15 13:30:59,2838676.10919078,1282,41.249094,1665677.31224715,"BTCUSDT"
"77",2021-06-15 13:31:00,40391.97,40391.97,40317.35,40350.22,45.298545,2021-06-15 13:31:59,1828329.66068048,1088,22.335696,901566.5637688,"BTCUSDT"
"78",2021-06-15 13:32:00,40347.24,40347.24,40300.73,40319.98,32.240324,2021-06-15 13:32:59,1299915.28327225,784,14.892637,600433.65103156,"BTCUSDT"
"79",2021-06-15 13:33:00,40319.98,40329.97,40262.27,40271.36,32.968067,2021-06-15 13:33:59,1328481.53512732,793,13.076037,526795.54151052,"BTCUSDT"
"80",2021-06-15 13:34:00,40271.35,40271.35,40228.05,40245.13,86.565609,2021-06-15 13:34:59,3484060.69609924,1006,12.468834,501741.93490805,"BTCUSDT"
"81",2021-06-15 13:35:00,40245.14,40279.94,40237.84,40262.78,30.70618,2021-06-15 13:35:59,1236323.64224003,793,10.778737,434003.98536556,"BTCUSDT"
"82",2021-06-15 13:36:00,40264.17,40264.18,40209.21,40231.96,31.982673,2021-06-15 13:36:59,1286820.40288624,812,10.234005,411780.81758114,"BTCUSDT"
"83",2021-06-15 13:37:00,40231.97,40311.12,40221.73,40302.68,36.234707,2021-06-15 13:37:59,1458954.28867229,858,22.675152,913124.58891078,"BTCUSDT"
"84",2021-06-15 13:38:00,40301.85,40319.88,40279.23,40305.28,34.486195,2021-06-15 13:38:59,1389778.30989381,743,14.084008,567546.41244338,"BTCUSDT"
"85",2021-06-15 13:39:00,40305.29,40325.99,40272.88,40295.69,35.130569,2021-06-15 13:39:59,1415833.59568628,811,14.91544,601107.59827339,"BTCUSDT"
"86",2021-06-15 13:40:00,40295.69,40325.56,40293.58,40323.26,32.169424,2021-06-15 13:40:59,1296878.48092766,964,13.041213,525747.7467935,"BTCUSDT"
"87",2021-06-15 13:41:00,40323.26,40323.26,40278.52,40307.43,36.557224,2021-06-15 13:41:59,1473381.50315404,765,15.854009,638966.41863612,"BTCUSDT"
"88",2021-06-15 13:42:00,40307.44,40310.8,40269.02,40277.37,14.454473,2021-06-15 13:42:59,582384.33826155,693,7.020399,282867.96002506,"BTCUSDT"
"89",2021-06-15 13:43:00,40277.36,40292.4,40255.3,40286.22,30.986654,2021-06-15 13:43:59,1247796.176344,726,13.491119,543324.35112809,"BTCUSDT"
"90",2021-06-15 13:44:00,40284.88,40299.65,40268.85,40268.86,29.790599,2021-06-15 13:44:59,1200043.73488059,620,9.084342,365942.3401335,"BTCUSDT"
"91",2021-06-15 13:45:00,40268.86,40299.08,40261.48,40295.18,33.780722,2021-06-15 13:45:59,1360683.29314636,629,25.194794,1014813.24890671,"BTCUSDT"
"92",2021-06-15 13:46:00,40296.17,40340,40296.17,40337.54,28.388329,2021-06-15 13:46:59,1144537.37747302,731,13.889893,560002.04809955,"BTCUSDT"
"93",2021-06-15 13:47:00,40337.54,40339.91,40309.97,40320.81,29.838544,2021-06-15 13:47:59,1203152.67224532,727,8.002711,322654.56245104,"BTCUSDT"
"94",2021-06-15 13:48:00,40320.8,40344.99,40320.8,40342.86,22.155481,2021-06-15 13:48:59,893522.93837483,633,11.760774,474309.53862104,"BTCUSDT"
"95",2021-06-15 13:49:00,40342.86,40346.6,40316.36,40346.26,27.444015,2021-06-15 13:49:59,1107005.26053287,753,11.790277,475568.21724635,"BTCUSDT"
"96",2021-06-15 13:50:00,40346.26,40387,40337.43,40386.99,89.926296,2021-06-15 13:50:59,3629436.66245404,1195,69.161014,2791216.29939072,"BTCUSDT"
"97",2021-06-15 13:51:00,40387,40393,40352.15,40390,69.042294,2021-06-15 13:51:59,2787672.30100041,1171,34.268918,1383567.34397369,"BTCUSDT"
"98",2021-06-15 13:52:00,40390.01,40400,40325.68,40336.33,71.451629,2021-06-15 13:52:59,2884968.8087403,1092,45.200612,1825243.79437941,"BTCUSDT"
"99",2021-06-15 13:53:00,40339.63,40353.54,40315,40325.61,26.372783,2021-06-15 13:53:59,1063668.77461696,649,9.193192,370826.28377678,"BTCUSDT"
"100",2021-06-15 13:54:00,40325.62,40338.23,40300,40300.55,28.179257,2021-06-15 13:54:59,1136158.26580125,820,13.252761,534357.42458767,"BTCUSDT"
"101",2021-06-15 13:55:00,40300.55,40319.08,40271.05,40284.72,49.196456,2021-06-15 13:55:59,1982395.8300906,935,15.019463,605229.78200899,"BTCUSDT"
"102",2021-06-15 13:56:00,40284.71,40311.25,40278.91,40292.69,23.509245,2021-06-15 13:56:59,947315.07835093,650,15.688772,632208.24482622,"BTCUSDT"
"103",2021-06-15 13:57:00,40292.4,40316.26,40283.31,40289.02,24.537336,2021-06-15 13:57:59,988817.84930692,596,13.984163,563572.31316407,"BTCUSDT"
"104",2021-06-15 13:58:00,40289.03,40289.11,40275.06,40282.68,20.767541,2021-06-15 13:58:59,836573.53651764,492,15.289366,615890.16870263,"BTCUSDT"
"105",2021-06-15 13:59:00,40282.68,40302.58,40279.19,40298.12,24.904724,2021-06-15 13:59:59,1003486.12186617,536,10.686418,430571.67344399,"BTCUSDT"
"106",2021-06-15 14:00:00,40298.13,40298.13,40240,40250,47.873076,2021-06-15 14:00:59,1927365.03467638,1042,21.690309,873286.2253667,"BTCUSDT"
"107",2021-06-15 14:01:00,40250.01,40297.43,40250,40254.05,41.580837,2021-06-15 14:01:59,1674337.49507837,762,25.479605,1026064.968751,"BTCUSDT"
"108",2021-06-15 14:02:00,40254.04,40254.04,40180.67,40191.84,113.16935,2021-06-15 14:02:59,4551121.41074373,1591,33.142825,1332839.96353774,"BTCUSDT"
"109",2021-06-15 14:03:00,40191.83,40218.99,40191.83,40210.22,22.758143,2021-06-15 14:03:59,915119.78701539,703,16.776549,674584.1551128,"BTCUSDT"
"110",2021-06-15 14:04:00,40210.22,40215.17,40130.68,40135.05,94.580929,2021-06-15 14:04:59,3798215.37678091,1374,35.484533,1424650.08413555,"BTCUSDT"
"111",2021-06-15 14:05:00,40135.05,40165.53,40121,40158.69,70.454765,2021-06-15 14:05:59,2828330.53475505,1285,46.486741,1866079.96140548,"BTCUSDT"
"112",2021-06-15 14:06:00,40160.71,40170,40100,40100,104.202786,2021-06-15 14:06:59,4180595.381247,1512,15.411077,618411.70408164,"BTCUSDT"
"113",2021-06-15 14:07:00,40100.01,40100.01,40000,40026.02,283.54016,2021-06-15 14:07:59,11349317.1730036,4142,54.402131,2178123.43516277,"BTCUSDT"
"114",2021-06-15 14:08:00,40026.03,40066.48,40016.83,40046.5,60.864584,2021-06-15 14:08:59,2436752.91135823,1227,25.079104,1004155.44123656,"BTCUSDT"
"115",2021-06-15 14:09:00,40046.51,40098.16,40044,40056.44,62.078279,2021-06-15 14:09:59,2487403.15233849,1412,31.446242,1260010.07536247,"BTCUSDT"
"116",2021-06-15 14:10:00,40055.8,40088.03,40032.24,40075.97,75.569913,2021-06-15 14:10:59,3027047.6135483,1115,48.711377,1951299.8247308,"BTCUSDT"
"117",2021-06-15 14:11:00,40075.97,40134.12,40075.97,40086.03,68.532785,2021-06-15 14:11:59,2748388.85887459,1365,32.080171,1286527.68570127,"BTCUSDT"
"118",2021-06-15 14:12:00,40087.59,40087.59,39902.02,39965.86,199.193927,2021-06-15 14:12:59,7964991.04146705,3380,43.822047,1752397.54277692,"BTCUSDT"
"119",2021-06-15 14:13:00,39965.86,40033.39,39960.54,39977.03,77.226984,2021-06-15 14:13:59,3088178.1372611,1505,40.755505,1629794.48270101,"BTCUSDT"
"120",2021-06-15 14:14:00,39977.02,40004.25,39939.59,39959.99,66.356941,2021-06-15 14:14:59,2652063.88207891,1429,29.499774,1179096.76427351,"BTCUSDT"
"121",2021-06-15 14:15:00,39959.09,40021.23,39959.09,40014,87.482731,2021-06-15 14:15:59,3498178.28302995,1627,46.903057,1875600.99166811,"BTCUSDT"
"122",2021-06-15 14:16:00,40013.7,40048.85,40013.7,40026.18,44.44567,2021-06-15 14:16:59,1779130.48367933,1123,23.037725,922239.33334669,"BTCUSDT"
"123",2021-06-15 14:17:00,40026.18,40029.6,39906.5,39908.58,46.834734,2021-06-15 14:17:59,1872259.00784333,1182,12.096677,483572.57765541,"BTCUSDT"
"124",2021-06-15 14:18:00,39908.97,39932.09,39680,39787.99,343.756273,2021-06-15 14:18:59,13677346.267123,7863,100.479082,3995830.05785149,"BTCUSDT"
"125",2021-06-15 14:19:00,39787.99,39842.4,39726.19,39738.04,98.806058,2021-06-15 14:19:59,3931928.26663031,2091,34.96846,1391747.06980931,"BTCUSDT"
"126",2021-06-15 14:20:00,39741.17,39825.09,39654,39696.06,302.468556,2021-06-15 14:20:59,12022609.8107979,3197,200.674018,7976698.753972,"BTCUSDT"
"127",2021-06-15 14:21:00,39694.07,39787.74,39661.8,39709.01,331.438671,2021-06-15 14:21:59,13163086.2346433,3512,230.182461,9141691.04219244,"BTCUSDT"
"128",2021-06-15 14:22:00,39709.02,39769.95,39709.02,39769.95,69.652411,2021-06-15 14:22:59,2768059.09863664,1511,39.742563,1579452.49989494,"BTCUSDT"
"129",2021-06-15 14:23:00,39767.97,39777.96,39702.36,39742.61,80.720896,2021-06-15 14:23:59,3208010.87950348,1317,40.803253,1621727.97155365,"BTCUSDT"
"130",2021-06-15 14:24:00,39742.61,39817.1,39716.46,39809.06,81.443593,2021-06-15 14:24:59,3239815.53721176,1374,53.067374,2111164.50040764,"BTCUSDT"
"131",2021-06-15 14:25:00,39809.06,39872.32,39787.71,39853.21,94.331094,2021-06-15 14:25:59,3756273.89895446,1544,38.882495,1548346.26418624,"BTCUSDT"
"132",2021-06-15 14:26:00,39850.31,39859.87,39810.34,39851.08,98.586974,2021-06-15 14:26:59,3927352.24682653,1148,41.090815,1636610.23309667,"BTCUSDT"
"133",2021-06-15 14:27:00,39851.08,39852.17,39708.12,39749.86,104.124425,2021-06-15 14:27:59,4142447.42051177,1550,42.847099,1705287.71569563,"BTCUSDT"
"134",2021-06-15 14:28:00,39749.86,39843.06,39733.98,39800.01,55.376975,2021-06-15 14:28:59,2203601.14273759,1016,30.500348,1213642.6840636,"BTCUSDT"
"135",2021-06-15 14:29:00,39800.01,39831.32,39784.93,39798.22,52.228572,2021-06-15 14:29:59,2079051.68589765,927,16.812948,669258.52305957,"BTCUSDT"
"136",2021-06-15 14:30:00,39798.22,39836.68,39776.73,39783.06,53.365729,2021-06-15 14:30:59,2125024.55270351,1512,38.770725,1543989.41049574,"BTCUSDT"
"137",2021-06-15 14:31:00,39783.12,39785.97,39710.01,39750,84.544124,2021-06-15 14:31:59,3360790.95050273,1985,27.29212,1085124.16573462,"BTCUSDT"
"138",2021-06-15 14:32:00,39750,39800,39742.12,39787.16,57.583718,2021-06-15 14:32:59,2290311.05338586,1611,24.588065,977777.27595029,"BTCUSDT"
"139",2021-06-15 14:33:00,39787.16,39787.17,39700.37,39730.9,72.837822,2021-06-15 14:33:59,2894079.2940664,2004,31.670542,1258283.99842303,"BTCUSDT"
"140",2021-06-15 14:34:00,39730.9,39749.99,39672.26,39742.04,111.378332,2021-06-15 14:34:59,4421845.27197381,2105,57.301196,2274766.02240599,"BTCUSDT"
"141",2021-06-15 14:35:00,39742.05,39760.68,39700.59,39712,67.244099,2021-06-15 14:35:59,2672110.9202116,1909,25.077054,996623.75281281,"BTCUSDT"
"142",2021-06-15 14:36:00,39712,39720.15,39663.23,39672.81,107.328002,2021-06-15 14:36:59,4259717.47632871,1791,46.272649,1836587.64026147,"BTCUSDT"
"143",2021-06-15 14:37:00,39674.72,39699.47,39583.8,39656.15,161.17329,2021-06-15 14:37:59,6387541.59080981,4242,58.122937,2303780.36310469,"BTCUSDT"
"144",2021-06-15 14:38:00,39651.24,39658,39531,39600.4,171.393836,2021-06-15 14:38:59,6787867.75852834,3876,60.305969,2388503.37191753,"BTCUSDT"
"145",2021-06-15 14:39:00,39600.39,39661.37,39574,39583.97,148.797261,2021-06-15 14:39:59,5895590.85756182,2589,72.774786,2883360.11767975,"BTCUSDT"
"146",2021-06-15 14:40:00,39583.97,39694.68,39579.13,39673.82,96.88493,2021-06-15 14:40:59,3841316.30926305,1933,63.508787,2518021.63643349,"BTCUSDT"
"147",2021-06-15 14:41:00,39673.82,39734.49,39671.63,39719.96,64.689993,2021-06-15 14:41:59,2568950.46888819,2224,42.390007,1683459.03297477,"BTCUSDT"
"148",2021-06-15 14:42:00,39719.96,39732.35,39685.16,39707.63,62.286815,2021-06-15 14:42:59,2473031.92698652,1498,21.939223,871008.91940066,"BTCUSDT"
"149",2021-06-15 14:43:00,39702.83,39703.05,39615.8,39675.49,72.651335,2021-06-15 14:43:59,2881529.63990232,1736,22.031934,873959.81956317,"BTCUSDT"
"150",2021-06-15 14:44:00,39679.3,39720,39646.33,39682.29,71.076807,2021-06-15 14:44:59,2820425.78533732,1883,31.366223,1244907.62448898,"BTCUSDT"
"151",2021-06-15 14:45:00,39682.29,39756.44,39682.29,39746.97,57.165791,2021-06-15 14:45:59,2270243.81005212,2119,43.784567,1738645.56645626,"BTCUSDT"
"152",2021-06-15 14:46:00,39746.97,39800,39746.96,39800,63.778064,2021-06-15 14:46:59,2536930.03376856,1475,37.87698,1506646.8657254,"BTCUSDT"
"153",2021-06-15 14:47:00,39800,39817.12,39760,39788.41,92.398282,2021-06-15 14:47:59,3676969.75399302,2178,31.911591,1269915.66254844,"BTCUSDT"
"154",2021-06-15 14:48:00,39788.4,39842.44,39772.71,39816.85,59.569586,2021-06-15 14:48:59,2371481.0703426,1264,37.457032,1491200.76313299,"BTCUSDT"
"155",2021-06-15 14:49:00,39816.86,39843.91,39770.05,39770.05,68.246428,2021-06-15 14:49:59,2716926.83073677,1836,23.894011,951142.78536111,"BTCUSDT"
"156",2021-06-15 14:50:00,39770.05,39818.96,39770.05,39813.03,53.012014,2021-06-15 14:50:59,2110064.63317906,1160,40.406581,1608375.64603307,"BTCUSDT"
"157",2021-06-15 14:51:00,39813.02,39816.41,39777.01,39811.71,63.718724,2021-06-15 14:51:59,2535844.41851159,1318,24.887441,990437.80393551,"BTCUSDT"
"158",2021-06-15 14:52:00,39811.71,39819.99,39805.44,39817.54,21.76856,2021-06-15 14:52:59,866683.43481583,684,12.364418,492269.58454169,"BTCUSDT"
"159",2021-06-15 14:53:00,39817.53,39862.34,39815.1,39852.37,47.015889,2021-06-15 14:53:59,1873366.63810978,2130,30.030388,1196551.08288437,"BTCUSDT"
"160",2021-06-15 14:54:00,39852.36,39876.29,39818.01,39868.68,62.457138,2021-06-15 14:54:59,2488525.4305049,1387,38.753069,1543933.06725434,"BTCUSDT"
"161",2021-06-15 14:55:00,39868.72,40173.34,39865.08,40090.57,303.96226,2021-06-15 14:55:59,12161204.5045422,5843,171.368335,6855372.741712,"BTCUSDT"
"162",2021-06-15 14:56:00,40088.28,40175.94,40040.36,40142.45,158.573181,2021-06-15 14:56:59,6363188.68400842,3213,81.09927,3253904.0202754,"BTCUSDT"
"163",2021-06-15 14:57:00,40142.44,40211.59,40100.97,40203.75,112.187312,2021-06-15 14:57:59,4504126.21360955,2828,57.370904,2303949.21881061,"BTCUSDT"
"164",2021-06-15 14:58:00,40206.37,40232,40103.56,40117.8,109.767909,2021-06-15 14:58:59,4407765.85023646,2653,37.60726,1510299.28855189,"BTCUSDT"
"165",2021-06-15 14:59:00,40117.8,40178.01,40095.23,40105.94,67.591129,2021-06-15 14:59:59,2712280.72261447,2656,38.501348,1544843.93050376,"BTCUSDT"
"166",2021-06-15 15:00:00,40105.94,40170,40100.01,40152.13,60.548484,2021-06-15 15:00:59,2429715.69518991,1598,41.040416,1646765.09059784,"BTCUSDT"
"167",2021-06-15 15:01:00,40152.12,40152.12,40063.1,40078.68,58.385213,2021-06-15 15:01:59,2340843.84480407,1978,29.941652,1200280.11716955,"BTCUSDT"
"168",2021-06-15 15:02:00,40078.67,40099.91,40033.32,40077.53,62.931056,2021-06-15 15:02:59,2521216.84094728,1760,37.617473,1506960.8423439,"BTCUSDT"
"169",2021-06-15 15:03:00,40077.52,40077.52,40034.24,40048.17,41.639699,2021-06-15 15:03:59,1667747.13432832,1199,24.839267,994833.38141688,"BTCUSDT"
"170",2021-06-15 15:04:00,40048.17,40076.95,39986.32,39993.78,49.00465,2021-06-15 15:04:59,1961533.45727961,1450,13.893895,556274.8583281,"BTCUSDT"
"171",2021-06-15 15:05:00,39993.77,40001.1,39934.4,39957.39,71.854763,2021-06-15 15:05:59,2871472.03912266,2558,26.477538,1058056.49268729,"BTCUSDT"
"172",2021-06-15 15:06:00,39957.37,40032.19,39954.94,40018.46,34.112023,2021-06-15 15:06:59,1364221.95290684,1154,19.623315,784757.07114272,"BTCUSDT"
"173",2021-06-15 15:07:00,40018.48,40023.41,39972.12,40018.45,31.432683,2021-06-15 15:07:59,1257162.61644002,1159,20.022736,800804.37240316,"BTCUSDT"
"174",2021-06-15 15:08:00,40018.46,40050,40005.64,40039.45,29.289579,2021-06-15 15:08:59,1172478.58526023,1162,20.413566,817193.98712803,"BTCUSDT"
"175",2021-06-15 15:09:00,40039.45,40094.89,40026.52,40090.1,71.300349,2021-06-15 15:09:59,2855686.97219338,1846,35.567124,1424685.60638426,"BTCUSDT"
"176",2021-06-15 15:10:00,40090.09,40120,40078.12,40119.99,21.416593,2021-06-15 15:10:59,858755.98472824,968,14.181676,568664.55242295,"BTCUSDT"
"177",2021-06-15 15:11:00,40119.99,40138.91,40048.9,40051.99,37.165867,2021-06-15 15:11:59,1489720.86047522,1623,14.56209,583549.44641472,"BTCUSDT"
"178",2021-06-15 15:12:00,40051.99,40057.99,40025.5,40044.82,35.626648,2021-06-15 15:12:59,1426451.56811197,1086,19.484033,780094.90202653,"BTCUSDT"
"179",2021-06-15 15:13:00,40044.82,40049.31,40020,40042.42,15.313552,2021-06-15 15:13:59,613085.16422144,1105,6.430362,257433.82005256,"BTCUSDT"
"180",2021-06-15 15:14:00,40042.42,40073,40040.48,40045.01,18.448778,2021-06-15 15:14:59,738964.56018993,1574,12.028321,481768.93274791,"BTCUSDT"
"181",2021-06-15 15:15:00,40045,40045.02,39976.18,39999,94.689864,2021-06-15 15:15:59,3788001.81428644,1878,15.967703,638736.99715863,"BTCUSDT"
"182",2021-06-15 15:16:00,39999,39999.01,39900,39926.16,71.109448,2021-06-15 15:16:59,2840014.93628489,1701,31.654369,1264110.47901083,"BTCUSDT"
"183",2021-06-15 15:17:00,39926.16,39947.37,39884.06,39946.93,60.75035,2021-06-15 15:17:59,2424968.32606033,2294,28.612389,1142078.07365529,"BTCUSDT"
"184",2021-06-15 15:18:00,39946.93,39946.93,39900.34,39920.97,31.028603,2021-06-15 15:18:59,1238666.39831187,1034,12.515701,499560.55611543,"BTCUSDT"
"185",2021-06-15 15:19:00,39920.96,39989.98,39919.89,39956.68,25.397071,2021-06-15 15:19:59,1015091.88331303,1337,15.461198,617945.45515701,"BTCUSDT"
"186",2021-06-15 15:20:00,39956.68,39984.65,39956.68,39969.3,29.293863,2021-06-15 15:20:59,1171138.27655862,1098,11.771503,470645.17240966,"BTCUSDT"
"187",2021-06-15 15:21:00,39969.29,39969.29,39914.13,39920.75,25.646141,2021-06-15 15:21:59,1024088.7734358,1240,12.917783,515831.86836406,"BTCUSDT"
"188",2021-06-15 15:22:00,39920.01,39972.4,39920,39949.98,31.616391,2021-06-15 15:22:59,1262956.75400288,1181,23.733292,948009.57595677,"BTCUSDT"
"189",2021-06-15 15:23:00,39949.25,39999,39949.25,39989.27,57.74345,2021-06-15 15:23:59,2307856.48277873,1486,48.649954,1944231.43215545,"BTCUSDT"
"190",2021-06-15 15:24:00,39989.27,39989.28,39948.98,39969.42,21.713621,2021-06-15 15:24:59,867856.52468409,1120,6.687975,267258.15655208,"BTCUSDT"
"191",2021-06-15 15:25:00,39969.42,40041.23,39963.11,40006.02,104.806003,2021-06-15 15:25:59,4192124.06382131,1625,93.104374,3723896.93765352,"BTCUSDT"
"192",2021-06-15 15:26:00,40006.02,40054.4,40006.02,40023.91,31.996839,2021-06-15 15:26:59,1280911.64931495,1366,14.161325,566871.29563505,"BTCUSDT"
"193",2021-06-15 15:27:00,40023.9,40093.06,40023.9,40080.01,20.936301,2021-06-15 15:27:59,838799.97513677,1264,13.731181,550111.56546545,"BTCUSDT"
"194",2021-06-15 15:28:00,40080.01,40098.4,40062,40063.53,28.354926,2021-06-15 15:28:59,1136616.91594308,1020,11.533354,462312.25249098,"BTCUSDT"
"195",2021-06-15 15:29:00,40063.54,40130.51,40061.36,40099.58,66.270626,2021-06-15 15:29:59,2657276.80910559,1192,54.330585,2178472.92471407,"BTCUSDT"
"196",2021-06-15 15:30:00,40099.58,40175.94,40078.47,40171.1,67.289304,2021-06-15 15:30:59,2700907.74839411,1769,37.205405,1493419.80239677,"BTCUSDT"
"197",2021-06-15 15:31:00,40171.1,40200,40157.8,40190.03,69.716324,2021-06-15 15:31:59,2801985.58557018,1942,43.711485,1756825.59556159,"BTCUSDT"
"198",2021-06-15 15:32:00,40190.05,40196.55,40153.47,40158.05,28.022268,2021-06-15 15:32:59,1125669.21501529,1526,14.17922,569593.33616866,"BTCUSDT"
"199",2021-06-15 15:33:00,40158.04,40158.05,40072.66,40120.6,51.090198,2021-06-15 15:33:59,2049415.93735086,2068,33.449884,1341711.63494648,"BTCUSDT"
"200",2021-06-15 15:34:00,40120.6,40120.6,40011.19,40032.75,83.987115,2021-06-15 15:34:59,3366253.30868697,1693,15.932355,638279.23018747,"BTCUSDT"
"201",2021-06-15 15:35:00,40032.77,40057.55,39979.99,40005.93,53.051398,2021-06-15 15:35:59,2122067.35307774,2352,21.525553,860852.19788307,"BTCUSDT"
"202",2021-06-15 15:36:00,40005.92,40039.59,39968.1,39992.59,47.099174,2021-06-15 15:36:59,1883836.81453471,1883,21.242147,849751.84337761,"BTCUSDT"
"203",2021-06-15 15:37:00,39992.6,40011.85,39960.23,39992.47,31.091598,2021-06-15 15:37:59,1243013.84056963,2029,19.983415,798900.013406,"BTCUSDT"
"204",2021-06-15 15:38:00,39992.48,40038.64,39977.34,39987.69,50.065727,2021-06-15 15:38:59,2003173.91544857,1636,25.507881,1020603.49404612,"BTCUSDT"
"205",2021-06-15 15:39:00,39981.38,40012.42,39961.42,39995.33,26.336305,2021-06-15 15:39:59,1052844.43903483,1763,13.18571,527200.02507423,"BTCUSDT"
"206",2021-06-15 15:40:00,39993.87,40040.2,39973.02,40020.02,29.659988,2021-06-15 15:40:59,1186740.09383773,1265,15.942896,637859.10561589,"BTCUSDT"
"207",2021-06-15 15:41:00,40020.01,40024.76,39975.07,39979.53,21.37381,2021-06-15 15:41:59,854870.9629548,2300,5.046238,201824.95823,"BTCUSDT"
"208",2021-06-15 15:42:00,39979.53,40025.24,39975.08,39999.99,37.380826,2021-06-15 15:42:59,1494943.10760199,1139,27.331414,1092986.68226879,"BTCUSDT"
"209",2021-06-15 15:43:00,39999.99,40017.88,39972.62,39995.49,70.612433,2021-06-15 15:43:59,2823895.41351358,1980,22.978283,918934.83181651,"BTCUSDT"
"210",2021-06-15 15:44:00,39995.49,40019.06,39982.78,40003.99,22.176804,2021-06-15 15:44:59,887120.11107927,1667,18.080614,723259.19463273,"BTCUSDT"
"211",2021-06-15 15:45:00,40003.99,40004,39956.4,39979.96,77.600838,2021-06-15 15:45:59,3101976.17691164,2083,26.027896,1040588.82015861,"BTCUSDT"
"212",2021-06-15 15:46:00,39979.95,39984.85,39950.01,39966.24,24.140468,2021-06-15 15:46:59,964795.90897817,1181,10.260414,410025.28121404,"BTCUSDT"
"213",2021-06-15 15:47:00,39967.84,39975.11,39936.5,39969,50.756371,2021-06-15 15:47:59,2027805.99374644,2109,19.00958,759421.63965171,"BTCUSDT"
"214",2021-06-15 15:48:00,39969,39999.99,39960.16,39999.99,21.541592,2021-06-15 15:48:59,861145.56135704,1013,9.435652,377216.27216996,"BTCUSDT"
"215",2021-06-15 15:49:00,39999.99,40069.06,39992.1,40028.44,67.908314,2021-06-15 15:49:59,2717781.65538548,2483,38.651442,1546931.70358086,"BTCUSDT"
"216",2021-06-15 15:50:00,40028.48,40040.41,39890.95,39916.9,66.606302,2021-06-15 15:50:59,2659531.17717559,2530,28.978466,1157144.65332634,"BTCUSDT"
"217",2021-06-15 15:51:00,39918.38,39973.07,39891.79,39973.06,62.879928,2021-06-15 15:51:59,2511002.73600723,1825,38.687189,1545086.98915598,"BTCUSDT"
"218",2021-06-15 15:52:00,39973.07,39979.41,39924.53,39950,31.024791,2021-06-15 15:52:59,1239210.55068126,1059,12.410108,495672.20655683,"BTCUSDT"
"219",2021-06-15 15:53:00,39949.99,39954.71,39918.18,39934.01,23.537043,2021-06-15 15:53:59,939893.24897696,2162,8.558377,341752.64679504,"BTCUSDT"
"220",2021-06-15 15:54:00,39934.02,39953.41,39919.13,39947.95,19.576465,2021-06-15 15:54:59,781846.36102552,1139,7.493272,299282.13983039,"BTCUSDT"
"221",2021-06-15 15:55:00,39947.95,39983.79,39943.5,39969.6,23.576341,2021-06-15 15:55:59,942179.32067803,1366,14.689493,586983.52904989,"BTCUSDT"
"222",2021-06-15 15:56:00,39969.6,39992.56,39967.6,39970.36,18.159959,2021-06-15 15:56:59,726044.25712927,1283,4.872462,194771.02913323,"BTCUSDT"
"223",2021-06-15 15:57:00,39970.35,40012.7,39968.85,39989.91,37.771029,2021-06-15 15:57:59,1510738.62768977,2115,23.423478,936786.50644104,"BTCUSDT"
"224",2021-06-15 15:58:00,39989.99,39990,39961.72,39965.99,25.82866,2021-06-15 15:58:59,1032461.96594805,916,5.362918,214397.36858845,"BTCUSDT"
"225",2021-06-15 15:59:00,39965.98,40026.19,39965.98,40024.92,23.004573,2021-06-15 15:59:59,920326.35558226,2082,13.506347,540278.37938619,"BTCUSDT"
"226",2021-06-15 16:00:00,40024.92,40070.52,40023.99,40051.33,45.7674,2021-06-15 16:00:59,1833192.22729741,1290,13.919775,557464.65500157,"BTCUSDT"
"227",2021-06-15 16:01:00,40052.58,40059.53,40000.66,40012.29,32.041807,2021-06-15 16:01:59,1282509.36615295,1923,11.153263,446352.47993224,"BTCUSDT"
"228",2021-06-15 16:02:00,40012.3,40050,39966.46,39966.97,42.096803,2021-06-15 16:02:59,1684472.83576288,1565,24.614244,984948.12847096,"BTCUSDT"
"229",2021-06-15 16:03:00,39966.97,39987.14,39912.61,39919.29,47.960603,2021-06-15 16:03:59,1915455.63178897,1807,23.921802,955399.81037343,"BTCUSDT"
"230",2021-06-15 16:04:00,39919.29,39969.11,39911.02,39966.83,34.859073,2021-06-15 16:04:59,1391710.02202123,1890,21.232475,847714.55648567,"BTCUSDT"
"231",2021-06-15 16:05:00,39966.83,40021.73,39965.18,39983.93,29.724577,2021-06-15 16:05:59,1188860.46879186,2486,11.690216,467512.9635115,"BTCUSDT"
"232",2021-06-15 16:06:00,39983.93,40017.86,39983.93,40010,28.161073,2021-06-15 16:06:59,1126568.28977356,1069,15.919138,636805.99037889,"BTCUSDT"
"233",2021-06-15 16:07:00,40010,40010,39953.33,39961.52,43.134878,2021-06-15 16:07:59,1724289.65411658,1486,10.961135,438149.26123455,"BTCUSDT"
"234",2021-06-15 16:08:00,39967.19,40005.31,39936.66,39999.8,74.456692,2021-06-15 16:08:59,2975406.50091304,1774,50.57003,2020807.53246,"BTCUSDT"
"235",2021-06-15 16:09:00,40000.2,40023,39970.85,39974.2,53.795182,2021-06-15 16:09:59,2151845.92919213,2113,38.508096,1540314.70031301,"BTCUSDT"
"236",2021-06-15 16:10:00,39974.21,39987.31,39947.06,39984.09,44.639131,2021-06-15 16:10:59,1783887.51735122,1102,21.59241,862881.98646019,"BTCUSDT"
"237",2021-06-15 16:11:00,39984.08,39984.14,39958.61,39964.2,21.49548,2021-06-15 16:11:59,859213.41117125,1952,10.033545,401015.70766936,"BTCUSDT"
"238",2021-06-15 16:12:00,39964.19,39989.76,39964.19,39983,5.024248,2021-06-15 16:12:59,200860.43209021,968,2.920571,116759.33996252,"BTCUSDT"
"239",2021-06-15 16:13:00,39983,40008.41,39960.91,39999.12,22.207451,2021-06-15 16:13:59,888047.03356644,1702,10.547537,421803.09739086,"BTCUSDT"
"240",2021-06-15 16:14:00,39999.11,40023.98,39999.1,40018.39,19.776769,2021-06-15 16:14:59,791398.33193776,1494,9.430662,377385.94642224,"BTCUSDT"
"241",2021-06-15 16:15:00,40018.39,40060,39985.49,40040,40.1326,2021-06-15 16:15:59,1606398.13199563,1546,28.483403,1140091.10351632,"BTCUSDT"
"242",2021-06-15 16:16:00,40040,40042.96,40003.55,40010.01,25.582327,2021-06-15 16:16:59,1023811.04218714,1016,9.338211,373721.82424257,"BTCUSDT"
"243",2021-06-15 16:17:00,40010,40010.01,39961.32,39983.21,21.562386,2021-06-15 16:17:59,862247.10259737,1937,7.739791,309464.96929956,"BTCUSDT"
"244",2021-06-15 16:18:00,39983.16,39983.16,39929.13,39955,33.470092,2021-06-15 16:18:59,1337369.49496703,1570,12.307838,491821.01165829,"BTCUSDT"
"245",2021-06-15 16:19:00,39954.43,39964.9,39940,39945.48,14.022363,2021-06-15 16:19:59,560263.07303993,1348,6.490585,259322.96132395,"BTCUSDT"
"246",2021-06-15 16:20:00,39945.49,39974.36,39921,39965.73,30.803964,2021-06-15 16:20:59,1230587.29613434,1569,14.4648,577867.33230901,"BTCUSDT"
"247",2021-06-15 16:21:00,39965.72,39971.25,39950.22,39954.21,12.569928,2021-06-15 16:21:59,502346.59231346,1279,6.514215,260335.70092929,"BTCUSDT"
"248",2021-06-15 16:22:00,39954.22,39956.47,39900,39904.1,43.047089,2021-06-15 16:22:59,1718441.67343282,1312,12.837569,512543.67962301,"BTCUSDT"
"249",2021-06-15 16:23:00,39904.09,39938.25,39902.23,39913.42,22.079333,2021-06-15 16:23:59,881451.26291976,1964,12.799785,510968.9843148,"BTCUSDT"
"250",2021-06-15 16:24:00,39913.15,39929.99,39882.03,39908.26,43.120237,2021-06-15 16:24:59,1720832.3597172,1628,10.126119,404117.8304728,"BTCUSDT"
"251",2021-06-15 16:25:00,39908.26,39940,39900,39939.99,31.573761,2021-06-15 16:25:59,1260365.25621355,1704,19.53105,779632.12847631,"BTCUSDT"
"252",2021-06-15 16:26:00,39939.99,39995.19,39938,39942.3,46.223216,2021-06-15 16:26:59,1847558.5818383,1899,27.132164,1084400.71812456,"BTCUSDT"
"253",2021-06-15 16:27:00,39942.3,39946.14,39912.31,39927.51,12.129468,2021-06-15 16:27:59,484313.58467722,1530,3.338456,133293.15743762,"BTCUSDT"
"254",2021-06-15 16:28:00,39927.51,39927.52,39902.02,39907.93,28.399791,2021-06-15 16:28:59,1133602.63539706,1333,8.24951,329287.29408122,"BTCUSDT"
"255",2021-06-15 16:29:00,39907.92,39930,39907.92,39916.68,26.214981,2021-06-15 16:29:59,1046502.72970152,975,17.463827,697154.53455639,"BTCUSDT"
"256",2021-06-15 16:30:00,39916.67,39949.99,39908.96,39948.11,11.53409,2021-06-15 16:30:59,460499.12118531,854,4.860245,194060.5371094,"BTCUSDT"
"257",2021-06-15 16:31:00,39948.1,39994.51,39948.1,39971.8,33.977529,2021-06-15 16:31:59,1358344.85650217,1259,21.697729,867412.27121401,"BTCUSDT"
"258",2021-06-15 16:32:00,39974.25,39998.96,39948.11,39965.15,23.622458,2021-06-15 16:32:59,944332.1272063,1111,10.742219,429431.45404233,"BTCUSDT"
"259",2021-06-15 16:33:00,39965.15,40010.03,39945,40004.5,67.619658,2021-06-15 16:33:59,2704623.51417726,1663,42.810326,1712222.98029691,"BTCUSDT"
"260",2021-06-15 16:34:00,40004.5,40020,39967.18,39976.11,70.365305,2021-06-15 16:34:59,2815109.27001128,1246,20.885401,835561.79561,"BTCUSDT"
"261",2021-06-15 16:35:00,39976.1,40017.98,39942.1,40016.46,69.522381,2021-06-15 16:35:59,2779675.63476969,1882,51.332604,2052452.04396724,"BTCUSDT"
"262",2021-06-15 16:36:00,40014,40043.79,40012.38,40034.74,41.297188,2021-06-15 16:36:59,1653008.32664153,1098,24.240668,970277.80330792,"BTCUSDT"
"263",2021-06-15 16:37:00,40034.74,40066.52,39979.33,40040.7,82.335313,2021-06-15 16:37:59,3296539.50207305,1880,60.036636,2404053.63652884,"BTCUSDT"
"264",2021-06-15 16:38:00,40040.7,40049.83,40014.88,40043.12,43.500425,2021-06-15 16:38:59,1741263.99165887,1413,30.619868,1225677.61466395,"BTCUSDT"
"265",2021-06-15 16:39:00,40043.12,40043.13,39971.91,39990,47.081967,2021-06-15 16:39:59,1883246.77400917,1578,20.553775,821981.51710304,"BTCUSDT"
"266",2021-06-15 16:40:00,39990,40027.25,39970,40027.23,30.543307,2021-06-15 16:40:59,1221500.56100669,1298,17.358978,694249.58572819,"BTCUSDT"
"267",2021-06-15 16:41:00,40027.24,40040,40001.12,40001.25,41.241011,2021-06-15 16:41:59,1650702.39957313,2004,20.983643,839884.60459739,"BTCUSDT"
"268",2021-06-15 16:42:00,40001.26,40030.79,39982.89,40018.15,25.984431,2021-06-15 16:42:59,1039621.27329687,1018,11.078746,443251.41283534,"BTCUSDT"
"269",2021-06-15 16:43:00,40018.15,40100,40003.1,40013.8,118.273916,2021-06-15 16:43:59,4736367.12517881,1957,69.527417,2785132.9080656,"BTCUSDT"
"270",2021-06-15 16:44:00,40014.33,40026.19,40003.75,40009.35,32.04078,2021-06-15 16:44:59,1282171.46715092,1322,11.70031,468208.43633885,"BTCUSDT"
"271",2021-06-15 16:45:00,40009.35,40062.76,40003.38,40050.68,84.146107,2021-06-15 16:45:59,3367135.73304059,1620,69.787474,2792441.52492989,"BTCUSDT"
"272",2021-06-15 16:46:00,40050.68,40050.69,40017.94,40042.26,44.064593,2021-06-15 16:46:59,1764141.39981549,947,28.434211,1138347.73447028,"BTCUSDT"
"273",2021-06-15 16:47:00,40042.27,40042.27,39978.2,39980.53,130.256616,2021-06-15 16:47:59,5211275.17475326,2181,20.831269,833249.64600576,"BTCUSDT"
"274",2021-06-15 16:48:00,39980.52,39988.86,39965,39965,42.425998,2021-06-15 16:48:59,1696119.7913577,941,23.589956,943080.85032898,"BTCUSDT"
"275",2021-06-15 16:49:00,39964.99,40033.79,39953.2,39996.78,70.675751,2021-06-15 16:49:59,2826311.57499799,1963,57.093521,2283046.31785177,"BTCUSDT"
"276",2021-06-15 16:50:00,39996.77,40013.72,39980.01,39991.74,30.744619,2021-06-15 16:50:59,1229740.24102361,1179,7.850022,313959.2472346,"BTCUSDT"
"277",2021-06-15 16:51:00,39991.74,40037.65,39975,40009.23,62.117305,2021-06-15 16:51:59,2484417.08378654,1767,17.255851,690300.01908305,"BTCUSDT"
"278",2021-06-15 16:52:00,40008.58,40021.6,40003.76,40010.73,17.767047,2021-06-15 16:52:59,710846.44263597,821,9.335723,373517.2509426,"BTCUSDT"
"279",2021-06-15 16:53:00,40010.65,40010.74,39984.06,39994.04,33.366107,2021-06-15 16:53:59,1334544.51775955,1858,7.516738,300633.03209491,"BTCUSDT"
"280",2021-06-15 16:54:00,39994.03,40010.23,39980.98,39981.63,40.863608,2021-06-15 16:54:59,1634162.22567929,1044,17.277555,690965.20871013,"BTCUSDT"
"281",2021-06-15 16:55:00,39981.64,39990.86,39962.71,39979.31,49.794412,2021-06-15 16:55:59,1990823.37128206,1359,29.733697,1188747.78866372,"BTCUSDT"
"282",2021-06-15 16:56:00,39979.3,40039.99,39978.21,39999.34,44.096252,2021-06-15 16:56:59,1763913.27852751,1517,28.221601,1128834.14990565,"BTCUSDT"
"283",2021-06-15 16:57:00,39999.35,40043.87,39976,39994.12,72.46952,2021-06-15 16:57:59,2899398.46857189,1990,27.965449,1118982.97196587,"BTCUSDT"
"284",2021-06-15 16:58:00,39994.11,40000.74,39978.01,39981.85,21.445254,2021-06-15 16:58:59,857470.87930699,807,8.645482,345693.3897708,"BTCUSDT"
"285",2021-06-15 16:59:00,39981.85,39981.85,39957.25,39964.82,27.168117,2021-06-15 16:59:59,1085738.5156897,1832,14.432895,576759.19544087,"BTCUSDT"
"286",2021-06-15 17:00:00,39964.81,39996.66,39952.97,39966.59,42.575844,2021-06-15 17:00:59,1701712.70789985,974,13.028307,520764.76732119,"BTCUSDT"
"287",2021-06-15 17:01:00,39966.6,39966.6,39920,39923.67,53.730818,2021-06-15 17:01:59,2145837.52115961,1766,12.203422,487314.99640867,"BTCUSDT"
"288",2021-06-15 17:02:00,39922.19,39974.45,39898.26,39945.62,44.751331,2021-06-15 17:02:59,1786576.65536716,1814,29.718813,1186339.39389501,"BTCUSDT"
"289",2021-06-15 17:03:00,39945.62,39945.62,39887.73,39892.95,61.438136,2021-06-15 17:03:59,2451540.67283353,1461,19.987727,797445.28207653,"BTCUSDT"
"290",2021-06-15 17:04:00,39892.95,39913.83,39861.02,39870.13,77.21308,2021-06-15 17:04:59,3079541.61896138,2018,32.070886,1279123.40876248,"BTCUSDT"
"291",2021-06-15 17:05:00,39870.13,39870.14,39720.4,39773.06,217.58285,2021-06-15 17:05:59,8655646.35917094,5361,65.848625,2620082.97175578,"BTCUSDT"
"292",2021-06-15 17:06:00,39773.07,39815.92,39729.65,39749.5,52.934221,2021-06-15 17:06:59,2105507.24479093,1534,26.073453,1037284.96678895,"BTCUSDT"
"293",2021-06-15 17:07:00,39749.49,39776.64,39729.66,39747.6,62.134381,2021-06-15 17:07:59,2469765.69089083,1624,24.878596,988870.15955492,"BTCUSDT"
"294",2021-06-15 17:08:00,39747.6,39786.89,39672.86,39693.86,63.936993,2021-06-15 17:08:59,2540240.31873283,2128,21.325835,847423.64630091,"BTCUSDT"
"295",2021-06-15 17:09:00,39693.86,39737.12,39675.95,39679.96,64.920984,2021-06-15 17:09:59,2577033.37812794,2342,23.352724,927048.93445905,"BTCUSDT"
"296",2021-06-15 17:10:00,39680.17,39772.87,39679.9,39718.24,56.570429,2021-06-15 17:10:59,2246963.45947246,1517,36.810193,1461959.03114059,"BTCUSDT"
"297",2021-06-15 17:11:00,39718.25,39730,39689.44,39729.99,45.822973,2021-06-15 17:11:59,1819481.16833959,1992,29.001092,1151528.84596343,"BTCUSDT"
"298",2021-06-15 17:12:00,39729.99,39746.44,39690,39737.75,33.402555,2021-06-15 17:12:59,1326765.29497211,1152,20.764668,824751.54192993,"BTCUSDT"
"299",2021-06-15 17:13:00,39735.79,39744,39715.6,39739.99,35.073793,2021-06-15 17:13:59,1393280.6578851,1863,24.109038,957700.89460446,"BTCUSDT"
"300",2021-06-15 17:14:00,39740,39821.11,39739.99,39783.07,58.727783,2021-06-15 17:14:59,2336016.00039306,2276,37.04049,1473252.42383367,"BTCUSDT"
"301",2021-06-15 17:15:00,39783.07,39837.81,39783.07,39817.66,35.001441,2021-06-15 17:15:59,1393761.56812393,1493,18.540378,738213.61980641,"BTCUSDT"
"302",2021-06-15 17:16:00,39817.66,39826.12,39783.9,39787.01,36.898325,2021-06-15 17:16:59,1468809.63117136,1004,10.343932,411649.49493765,"BTCUSDT"
"303",2021-06-15 17:17:00,39787.01,39787.01,39722.16,39741.97,37.140891,2021-06-15 17:17:59,1476430.04993732,2111,16.064925,638546.31611313,"BTCUSDT"
"304",2021-06-15 17:18:00,39741.98,39757.61,39710,39730.42,24.084208,2021-06-15 17:18:59,956926.2558967,1121,11.617692,461620.39294722,"BTCUSDT"
"305",2021-06-15 17:19:00,39730.42,39730.42,39682.45,39715.81,51.507522,2021-06-15 17:19:59,2045086.92434464,2210,26.440183,1049774.93454717,"BTCUSDT"
"306",2021-06-15 17:20:00,39715.81,39780.48,39680.05,39770.5,50.95159,2021-06-15 17:20:59,2023951.44605114,1706,20.878019,829436.17181754,"BTCUSDT"
"307",2021-06-15 17:21:00,39770.5,39786.93,39739.95,39761.76,62.645137,2021-06-15 17:21:59,2490787.5211191,1568,22.356191,888972.70692049,"BTCUSDT"
"308",2021-06-15 17:22:00,39761.75,39763.98,39729.84,39759.97,37.744761,2021-06-15 17:22:59,1500224.37067504,1064,11.848916,470977.95433957,"BTCUSDT"
"309",2021-06-15 17:23:00,39759.98,39786,39751.31,39769.21,31.117557,2021-06-15 17:23:59,1237502.35926265,1737,12.950537,515071.19781132,"BTCUSDT"
"310",2021-06-15 17:24:00,39769.22,39810.77,39753,39787.28,34.057581,2021-06-15 17:24:59,1354937.25969069,1445,21.904447,871341.29610632,"BTCUSDT"
"311",2021-06-15 17:25:00,39787.28,39828.33,39787.28,39816.31,49.147692,2021-06-15 17:25:59,1956318.57088769,1648,38.650544,1538428.44109632,"BTCUSDT"
"312",2021-06-15 17:26:00,39816.31,39837.11,39788.59,39821.22,45.094008,2021-06-15 17:26:59,1795310.57867371,1300,19.411548,772769.88050966,"BTCUSDT"
"313",2021-06-15 17:27:00,39821.22,39865,39814.96,39859.07,70.550976,2021-06-15 17:27:59,2811263.52944853,1597,36.192935,1442124.40945702,"BTCUSDT"
"314",2021-06-15 17:28:00,39859.07,39861.03,39824.53,39849.98,31.848886,2021-06-15 17:28:59,1269103.74769189,1212,19.245407,766918.14068253,"BTCUSDT"
"315",2021-06-15 17:29:00,39849.98,39857.05,39812.46,39839.9,31.978598,2021-06-15 17:29:59,1273796.00286178,794,17.712729,705494.46317558,"BTCUSDT"
"316",2021-06-15 17:30:00,39839.9,39865,39751.31,39865,79.9797,2021-06-15 17:30:59,3183386.0350494,1408,41.975498,1670723.85201477,"BTCUSDT"
"317",2021-06-15 17:31:00,39864.99,39960.23,39864.99,39919.99,109.166765,2021-06-15 17:31:59,4358030.941227,2420,46.109964,1840819.90895567,"BTCUSDT"
"318",2021-06-15 17:32:00,39919.99,40097.86,39919.99,40037.3,171.309927,2021-06-15 17:32:59,6856677.31350912,3293,118.420773,4739256.45805415,"BTCUSDT"
"319",2021-06-15 17:33:00,40037.3,40115.84,40004.22,40076.82,109.790401,2021-06-15 17:33:59,4398404.22623589,2252,70.65367,2830932.81642237,"BTCUSDT"
"320",2021-06-15 17:34:00,40076.82,40130,40051.52,40075.01,75.909785,2021-06-15 17:34:59,3043359.46138839,1632,34.794529,1395230.90289988,"BTCUSDT"
"321",2021-06-15 17:35:00,40075,40113.56,40075,40082.78,61.585681,2021-06-15 17:35:59,2469426.07443015,1633,25.608122,1026830.26722435,"BTCUSDT"
"322",2021-06-15 17:36:00,40082.78,40082.78,40034.61,40054.2,79.73528,2021-06-15 17:36:59,3194066.61731268,1452,24.634706,986761.20505851,"BTCUSDT"
"323",2021-06-15 17:37:00,40054.21,40059.07,40008.48,40045.86,50.527444,2021-06-15 17:37:59,2022673.17919706,1685,18.06252,723037.58013546,"BTCUSDT"
"324",2021-06-15 17:38:00,40045.87,40052.1,40016,40022.78,23.956024,2021-06-15 17:38:59,958951.14232393,1111,10.259372,410677.18058292,"BTCUSDT"
"325",2021-06-15 17:39:00,40022.79,40046.07,40020.22,40041.1,39.177374,2021-06-15 17:39:59,1568302.63490197,1325,25.161758,1007211.20277849,"BTCUSDT"
"326",2021-06-15 17:40:00,40041.1,40108,40020.21,40106.14,49.605037,2021-06-15 17:40:59,1987768.92748999,1268,32.293773,1294108.97479861,"BTCUSDT"
"327",2021-06-15 17:41:00,40106.14,40114,40063.88,40070.06,50.979525,2021-06-15 17:41:59,2043689.39159317,1816,12.742322,510798.59658516,"BTCUSDT"
"328",2021-06-15 17:42:00,40070.06,40118.41,40068.2,40114.77,54.037044,2021-06-15 17:42:59,2167160.49381613,1365,33.991208,1363178.45105319,"BTCUSDT"
"329",2021-06-15 17:43:00,40114.77,40118.93,40090,40110.31,41.165059,2021-06-15 17:43:59,1650889.70383288,1458,15.330353,614835.46442991,"BTCUSDT"
"330",2021-06-15 17:44:00,40110.3,40170,40100,40159.79,69.521589,2021-06-15 17:44:59,2790002.22888294,2113,38.704692,1553204.34933702,"BTCUSDT"
"331",2021-06-15 17:45:00,40159.78,40172.34,40109.21,40116.12,56.390458,2021-06-15 17:45:59,2263541.36969242,2128,34.236248,1374368.86841966,"BTCUSDT"
"332",2021-06-15 17:46:00,40116.12,40138.85,40101.77,40131.98,39.592267,2021-06-15 17:46:59,1588427.10809293,1319,21.897891,878524.9965694,"BTCUSDT"
"333",2021-06-15 17:47:00,40133.37,40149.03,40103.57,40108.65,42.071202,2021-06-15 17:47:59,1688395.69526214,1638,17.232651,691494.9999374,"BTCUSDT"
"334",2021-06-15 17:48:00,40108.65,40129.99,40105.4,40127.66,26.624208,2021-06-15 17:48:59,1068081.53875109,954,12.943094,519211.35967545,"BTCUSDT"
"335",2021-06-15 17:49:00,40127.65,40127.66,40068.98,40088.3,42.668017,2021-06-15 17:49:59,1710911.58427253,1494,17.190686,689120.90816483,"BTCUSDT"
"336",2021-06-15 17:50:00,40088.3,40108.1,40080.03,40087.55,30.209933,2021-06-15 17:50:59,1211096.9985303,1215,19.699056,789713.44894173,"BTCUSDT"
"337",2021-06-15 17:51:00,40087.55,40124.32,40087,40093.66,28.150191,2021-06-15 17:51:59,1128834.3016661,1239,17.255664,691937.80616011,"BTCUSDT"
"338",2021-06-15 17:52:00,40093.65,40105.02,40083.1,40087.54,19.000843,2021-06-15 17:52:59,761771.43970334,879,8.526775,341835.96753669,"BTCUSDT"
"339",2021-06-15 17:53:00,40087.54,40104.98,40070.71,40070.71,21.128073,2021-06-15 17:53:59,847072.91939286,1833,11.354761,455225.18568678,"BTCUSDT"
"340",2021-06-15 17:54:00,40070.71,40105.56,40070.71,40093.15,28.850943,2021-06-15 17:54:59,1156660.92553423,1190,18.629592,746871.81549373,"BTCUSDT"
"341",2021-06-15 17:55:00,40091.02,40091.03,40050.2,40065,20.606257,2021-06-15 17:55:59,825607.42402349,804,11.190416,448316.50985706,"BTCUSDT"
"342",2021-06-15 17:56:00,40065,40072,40044.23,40071.99,29.821571,2021-06-15 17:56:59,1194516.53554011,1086,12.892041,516429.64268749,"BTCUSDT"
"343",2021-06-15 17:57:00,40071.99,40093.34,40046.78,40048.47,24.138291,2021-06-15 17:57:59,967161.46352592,1324,10.89116,436427.58390178,"BTCUSDT"
"344",2021-06-15 17:58:00,40048.47,40060,40027.79,40051.14,25.877863,2021-06-15 17:58:59,1036316.39744031,1108,11.410324,456942.00579981,"BTCUSDT"
"345",2021-06-15 17:59:00,40051.14,40071.61,40028.87,40067.46,30.573748,2021-06-15 17:59:59,1224595.07687216,1687,18.141858,726592.80882519,"BTCUSDT"
"346",2021-06-15 18:00:00,40069.92,40069.93,40035.2,40039.21,23.846109,2021-06-15 18:00:59,954930.00121366,1016,8.919823,357191.36936619,"BTCUSDT"
"347",2021-06-15 18:01:00,40039.22,40045.11,40024.29,40033.05,22.062514,2021-06-15 18:01:59,883252.72890401,1243,11.741761,470072.54542111,"BTCUSDT"
"348",2021-06-15 18:02:00,40033.05,40052.33,40027.23,40052.17,19.295095,2021-06-15 18:02:59,772593.22002615,1033,10.382815,415722.98912812,"BTCUSDT"
"349",2021-06-15 18:03:00,40052.17,40052.17,40014.39,40021.09,22.443198,2021-06-15 18:03:59,898354.18037937,1032,8.651232,346257.17307482,"BTCUSDT"
"350",2021-06-15 18:04:00,40021.1,40033.05,40000,40011.24,54.810031,2021-06-15 18:04:59,2192981.39874206,1373,16.365858,654905.24434468,"BTCUSDT"
"351",2021-06-15 18:05:00,40011.25,40059.99,39989.31,40059.96,47.866602,2021-06-15 18:05:59,1915635.76291833,1938,19.884583,795827.33229788,"BTCUSDT"
"352",2021-06-15 18:06:00,40059.96,40068.84,40020.39,40024.96,18.281399,2021-06-15 18:06:59,732090.37139787,851,5.106441,204490.62310543,"BTCUSDT"
"353",2021-06-15 18:07:00,40024.96,40024.96,40000,40001.82,16.425213,2021-06-15 18:07:59,657165.17198065,897,4.822557,192944.30794419,"BTCUSDT"
"354",2021-06-15 18:08:00,40001.82,40024.88,39955.41,39970.22,47.251114,2021-06-15 18:08:59,1889633.19076194,1414,16.909593,676302.48900217,"BTCUSDT"
"355",2021-06-15 18:09:00,39970.22,39970.22,39925,39956.7,54.818375,2021-06-15 18:09:59,2189786.60758663,1877,16.604079,663295.33440178,"BTCUSDT"
"356",2021-06-15 18:10:00,39956.7,39999.96,39955.3,39997.92,25.686678,2021-06-15 18:10:59,1026851.37063698,992,14.718871,588396.9559219,"BTCUSDT"
"357",2021-06-15 18:11:00,39997.92,39997.92,39931.05,39938.79,23.198686,2021-06-15 18:11:59,927097.95675057,1511,8.272435,330592.6714286,"BTCUSDT"
"358",2021-06-15 18:12:00,39938.79,39979.1,39937.41,39969.85,18.324193,2021-06-15 18:12:59,732284.63180929,1055,11.473517,458524.2778229,"BTCUSDT"
"359",2021-06-15 18:13:00,39969.85,39969.85,39869,39908.04,95.251229,2021-06-15 18:13:59,3801100.25771413,2084,18.341441,731980.6985843,"BTCUSDT"
"360",2021-06-15 18:14:00,39908.04,39932.97,39890.01,39903.72,22.070123,2021-06-15 18:14:59,880837.07991802,1669,16.542419,660213.18388106,"BTCUSDT"
"361",2021-06-15 18:15:00,39903.72,39930.27,39869,39892.75,34.311849,2021-06-15 18:15:59,1368878.97690772,1533,18.894546,753814.98133483,"BTCUSDT"
"362",2021-06-15 18:16:00,39892.74,39920,39885.83,39886.22,34.372394,2021-06-15 18:16:59,1371823.41524728,1069,19.133493,763605.74948846,"BTCUSDT"
"363",2021-06-15 18:17:00,39888.22,39932.01,39880,39920.63,24.720681,2021-06-15 18:17:59,986465.66006086,1727,12.515574,499461.42277444,"BTCUSDT"
"364",2021-06-15 18:18:00,39920.63,39997.61,39920.6,39977.67,33.424098,2021-06-15 18:18:59,1335810.8037286,1534,21.705236,867479.75375874,"BTCUSDT"
"365",2021-06-15 18:19:00,39977.68,40011.18,39948.02,39995.32,67.754362,2021-06-15 18:19:59,2709548.87203879,1622,28.589628,1143180.40735537,"BTCUSDT"
"366",2021-06-15 18:20:00,39995.32,40391.64,39995.32,40355.2,424.945955,2021-06-15 18:20:59,17091834.9981151,7770,294.267397,11833132.0533909,"BTCUSDT"
"367",2021-06-15 18:21:00,40355.2,40400,40277.77,40329.27,186.050361,2021-06-15 18:21:59,7504622.5547491,3417,99.60733,4018242.17355026,"BTCUSDT"
"368",2021-06-15 18:22:00,40329.27,40372.54,40270.59,40270.59,112.951168,2021-06-15 18:22:59,4554557.82548304,2582,56.993325,2298261.09577964,"BTCUSDT"
"369",2021-06-15 18:23:00,40270.57,40344.12,40258.24,40297.42,72.486252,2021-06-15 18:23:59,2921682.32772793,2043,42.388527,1708521.23135689,"BTCUSDT"
"370",2021-06-15 18:24:00,40297.41,40338.81,40244.99,40278.88,88.467544,2021-06-15 18:24:59,3565197.72407119,1789,48.187545,1942089.56365257,"BTCUSDT"
"371",2021-06-15 18:25:00,40278.88,40299.11,40238.21,40280.16,56.338492,2021-06-15 18:25:59,2268729.72205396,1655,21.326169,858771.64565257,"BTCUSDT"
"372",2021-06-15 18:26:00,40280.17,40280.17,40226.5,40250,53.925132,2021-06-15 18:26:59,2170753.86474963,1463,25.611312,1030910.01709657,"BTCUSDT"
"373",2021-06-15 18:27:00,40250,40334,40240.54,40311.56,69.448805,2021-06-15 18:27:59,2797134.31924757,1692,43.334019,1745453.09184075,"BTCUSDT"
"374",2021-06-15 18:28:00,40311.57,40387.42,40291.71,40341.75,152.730118,2021-06-15 18:28:59,6162718.43821552,2042,103.822728,4189030.6745813,"BTCUSDT"
"375",2021-06-15 18:29:00,40341.71,40450,40333.01,40417.84,201.803881,2021-06-15 18:29:59,8153081.54345328,3023,137.192564,5542966.61764379,"BTCUSDT"
"376",2021-06-15 18:30:00,40419.86,40423.08,40316.25,40369.52,83.882975,2021-06-15 18:30:59,3384908.30348018,2287,40.53131,1635424.28500517,"BTCUSDT"
"377",2021-06-15 18:31:00,40369.57,40369.58,40300.59,40315.06,72.254345,2021-06-15 18:31:59,2913859.33347617,2251,41.90906,1690015.67335207,"BTCUSDT"
"378",2021-06-15 18:32:00,40315.06,40349.99,40280.02,40332.01,40.740734,2021-06-15 18:32:59,1642693.65727351,1982,21.28707,858278.33784806,"BTCUSDT"
"379",2021-06-15 18:33:00,40332.01,40346.28,40302.34,40307.92,82.543732,2021-06-15 18:33:59,3327786.07555937,2358,34.784153,1402402.92453262,"BTCUSDT"
"380",2021-06-15 18:34:00,40307.91,40326.49,40286.01,40286.03,45.623716,2021-06-15 18:34:59,1839006.04941112,1895,32.789354,1321725.31850255,"BTCUSDT"
"381",2021-06-15 18:35:00,40286.03,40308.92,40227.73,40247.08,160.874969,2021-06-15 18:35:59,6476963.13026691,3269,47.526107,1913527.02610638,"BTCUSDT"
"382",2021-06-15 18:36:00,40247.08,40281.89,40237.4,40260.1,58.303319,2021-06-15 18:36:59,2347505.42951463,1513,38.160158,1536466.73956272,"BTCUSDT"
"383",2021-06-15 18:37:00,40260.11,40263.33,40203.03,40215.77,55.627836,2021-06-15 18:37:59,2238387.23046658,2323,19.584939,787999.48575221,"BTCUSDT"
"384",2021-06-15 18:38:00,40215.78,40259.99,40215,40259.98,45.304281,2021-06-15 18:38:59,1822548.39128955,2098,25.364994,1020375.2690294,"BTCUSDT"
"385",2021-06-15 18:39:00,40259.98,40288.51,40233.52,40273.91,30.884078,2021-06-15 18:39:59,1243545.90478967,2381,18.29235,736593.42419503,"BTCUSDT"
"386",2021-06-15 18:40:00,40273.91,40277.7,40238.96,40249.02,21.598203,2021-06-15 18:40:59,869348.76942906,1363,9.866466,397141.02513955,"BTCUSDT"
"387",2021-06-15 18:41:00,40249.03,40249.67,40215.02,40220.79,44.337093,2021-06-15 18:41:59,1783616.91615511,2677,21.07327,847731.25568241,"BTCUSDT"
"388",2021-06-15 18:42:00,40220.79,40265,40216.15,40235.87,59.142001,2021-06-15 18:42:59,2380498.72089058,1448,33.925486,1365522.72938427,"BTCUSDT"
"389",2021-06-15 18:43:00,40235.88,40256.97,40210,40237.99,33.852825,2021-06-15 18:43:59,1362290.35479409,1945,10.035446,403796.55481599,"BTCUSDT"
"390",2021-06-15 18:44:00,40236.13,40248.01,40222.56,40231.82,34.853399,2021-06-15 18:44:59,1402378.10781394,2087,21.541457,866778.90132301,"BTCUSDT"
"391",2021-06-15 18:45:00,40231.82,40264.44,40231.68,40236.55,41.938057,2021-06-15 18:45:59,1687917.52822272,2103,27.295489,1098560.9082288,"BTCUSDT"
"392",2021-06-15 18:46:00,40236.55,40272.02,40234.99,40264.68,24.093282,2021-06-15 18:46:59,969905.7007893,1270,17.52573,705547.48739579,"BTCUSDT"
"393",2021-06-15 18:47:00,40264.67,40264.68,40240.2,40249.79,28.673102,2021-06-15 18:47:59,1154164.36417679,1945,18.55945,747049.68410189,"BTCUSDT"
"394",2021-06-15 18:48:00,40249.78,40320,40241.27,40299.08,59.073505,2021-06-15 18:48:59,2380068.92357442,1518,38.125669,1535905.57716634,"BTCUSDT"
"395",2021-06-15 18:49:00,40299.08,40310,40280.2,40308.01,12.288406,2021-06-15 18:49:59,495229.2517655,2129,4.977069,200579.46375285,"BTCUSDT"
"396",2021-06-15 18:50:00,40308.01,40308.01,40250.58,40250.59,25.256752,2021-06-15 18:50:59,1017432.93148292,1448,7.301064,294045.9245017,"BTCUSDT"
"397",2021-06-15 18:51:00,40250.58,40280.9,40250.56,40257.89,26.246039,2021-06-15 18:51:59,1056715.17535122,1425,16.697254,672225.83746312,"BTCUSDT"
"398",2021-06-15 18:52:00,40257.89,40288.22,40250,40274.14,17.398415,2021-06-15 18:52:59,700612.44415358,1251,9.494223,382326.39791654,"BTCUSDT"
"399",2021-06-15 18:53:00,40274.13,40274.14,40212.94,40212.94,28.936943,2021-06-15 18:53:59,1164695.48076734,2012,6.036676,242979.80175167,"BTCUSDT"
"400",2021-06-15 18:54:00,40212.93,40230.94,40177.77,40181.84,41.800007,2021-06-15 18:54:59,1680410.84354189,1928,14.978208,602204.5459562,"BTCUSDT"
"401",2021-06-15 18:55:00,40185.3,40199.74,40145.97,40193.16,76.795876,2021-06-15 18:55:59,3084777.52253536,1864,24.804852,996367.54867482,"BTCUSDT"
"402",2021-06-15 18:56:00,40193.17,40245.49,40187,40190,46.624968,2021-06-15 18:56:59,1874873.23897428,1847,19.523878,785148.30492025,"BTCUSDT"
"403",2021-06-15 18:57:00,40190,40198.88,40187.03,40194.01,11.578789,2021-06-15 18:57:59,465396.44014875,1598,5.619467,225865.17639501,"BTCUSDT"
"404",2021-06-15 18:58:00,40194,40236.87,40194,40221.07,26.735269,2021-06-15 18:58:59,1075209.93614059,1372,16.430228,660732.02389749,"BTCUSDT"
"405",2021-06-15 18:59:00,40221.07,40281.09,40221.07,40266.56,84.943035,2021-06-15 18:59:59,3420158.62549586,2778,32.590116,1312012.13985991,"BTCUSDT"
"406",2021-06-15 19:00:00,40266.56,40332.33,40229.14,40309.96,79.464052,2021-06-15 19:00:59,3201310.09062463,2208,40.050028,1613674.89472851,"BTCUSDT"
"407",2021-06-15 19:01:00,40309.9,40314.14,40222.38,40222.39,26.62417,2021-06-15 19:01:59,1072231.33291061,1940,10.432709,420165.33940915,"BTCUSDT"
"408",2021-06-15 19:02:00,40222.39,40248.16,40200.43,40216.16,28.630646,2021-06-15 19:02:59,1151359.40514264,1764,16.468532,662244.30276081,"BTCUSDT"
"409",2021-06-15 19:03:00,40216.17,40216.17,40198,40205.26,29.231618,2021-06-15 19:03:59,1175251.4447023,1698,13.432907,540043.26124519,"BTCUSDT"
"410",2021-06-15 19:04:00,40209.89,40246.39,40190,40241.75,33.809967,2021-06-15 19:04:59,1359484.83850916,2008,20.094664,807982.68328421,"BTCUSDT"
"411",2021-06-15 19:05:00,40241.75,40248.92,40185.19,40194.43,105.950419,2021-06-15 19:05:59,4261725.4677549,2564,42.776664,1720356.69649122,"BTCUSDT"
"412",2021-06-15 19:06:00,40195.24,40200.93,40168,40186.71,36.106375,2021-06-15 19:06:59,1450777.70077464,1801,13.952693,560572.52318801,"BTCUSDT"
"413",2021-06-15 19:07:00,40186.7,40229.98,40170.71,40194.39,55.822541,2021-06-15 19:07:59,2243990.16668089,2011,38.434477,1544968.95814135,"BTCUSDT"
"414",2021-06-15 19:08:00,40194.39,40214.94,40190.28,40214.94,28.686303,2021-06-15 19:08:59,1153103.62912906,1570,15.631865,628375.86517047,"BTCUSDT"
"415",2021-06-15 19:09:00,40214.94,40214.95,40191,40195.61,22.515643,2021-06-15 19:09:59,905080.25497054,1863,10.099003,405934.21967792,"BTCUSDT"
"416",2021-06-15 19:10:00,40195.61,40240,40195.07,40221.46,27.100643,2021-06-15 19:10:59,1089988.15879924,1627,11.92227,479427.8833506,"BTCUSDT"
"417",2021-06-15 19:11:00,40221.46,40248.92,40200.71,40241.35,40.525591,2021-06-15 19:11:59,1630064.36534357,2047,29.181334,1173827.07723578,"BTCUSDT"
"418",2021-06-15 19:12:00,40241.34,40288.05,40231.46,40261.4,40.450001,2021-06-15 19:12:59,1628216.51124657,1702,28.722682,1156117.44071722,"BTCUSDT"
"419",2021-06-15 19:13:00,40261.4,40261.4,40227.3,40254.55,36.281859,2021-06-15 19:13:59,1460335.55765428,1631,18.101787,728535.63625342,"BTCUSDT"
"420",2021-06-15 19:14:00,40254.55,40280.76,40240.56,40269.91,29.037523,2021-06-15 19:14:59,1169018.22678154,2163,15.517971,624775.78277777,"BTCUSDT"
"421",2021-06-15 19:15:00,40269.91,40310,40269.9,40280.33,46.850252,2021-06-15 19:15:59,1887740.79414013,1801,32.696181,1317414.61802979,"BTCUSDT"
"422",2021-06-15 19:16:00,40280.33,40280.33,40216.93,40219.42,38.990631,2021-06-15 19:16:59,1569115.59507554,1750,14.634833,588906.19262644,"BTCUSDT"
"423",2021-06-15 19:17:00,40219.42,40219.42,40190,40212.98,40.429382,2021-06-15 19:17:59,1625373.07461082,2376,26.13872,1050798.70076628,"BTCUSDT"
"424",2021-06-15 19:18:00,40212.98,40212.98,40177.81,40185.86,33.009503,2021-06-15 19:18:59,1326519.54639828,1717,16.305243,655227.44465865,"BTCUSDT"
"425",2021-06-15 19:19:00,40185.85,40216.93,40168,40169.01,79.435685,2021-06-15 19:19:59,3191917.34479109,2149,13.334278,535991.4492642,"BTCUSDT"
"426",2021-06-15 19:20:00,40168,40197.85,40159.64,40167.75,56.160964,2021-06-15 19:20:59,2255854.5545162,1911,30.811334,1237598.16939901,"BTCUSDT"
"427",2021-06-15 19:21:00,40169.36,40210.63,40165.56,40191.77,16.315376,2021-06-15 19:21:59,655624.50123037,1770,9.452734,379856.39983247,"BTCUSDT"
"428",2021-06-15 19:22:00,40191.78,40214.34,40171.16,40209.99,46.090632,2021-06-15 19:22:59,1852675.43290352,1670,24.251967,974871.54702405,"BTCUSDT"
"429",2021-06-15 19:23:00,40209.99,40238.93,40194.76,40220.57,31.40303,2021-06-15 19:23:59,1262950.83101971,1901,22.143277,890533.14726934,"BTCUSDT"
"430",2021-06-15 19:24:00,40220.57,40227.43,40190,40192.28,26.651241,2021-06-15 19:24:59,1071625.25049201,1978,11.462122,460864.88726463,"BTCUSDT"
"431",2021-06-15 19:25:00,40190.03,40220.61,40190.03,40216.66,26.653465,2021-06-15 19:25:59,1071755.23102023,2107,15.836128,636765.68198178,"BTCUSDT"
"432",2021-06-15 19:26:00,40216.65,40222.99,40195.19,40200.99,20.723676,2021-06-15 19:26:59,833306.47110004,1466,9.022855,362804.91273032,"BTCUSDT"
"433",2021-06-15 19:27:00,40200.99,40282.85,40183.29,40282.84,74.057591,2021-06-15 19:27:59,2979708.69218242,2139,43.275085,1741351.46593405,"BTCUSDT"
"434",2021-06-15 19:28:00,40282.85,40374.79,40257.5,40323.69,127.200838,2021-06-15 19:28:59,5129720.77128081,2785,84.186633,3394822.17791318,"BTCUSDT"
"435",2021-06-15 19:29:00,40323.69,40350,40277.77,40280.32,53.268916,2021-06-15 19:29:59,2147284.21112817,1538,15.379567,620026.14182192,"BTCUSDT"
"436",2021-06-15 19:30:00,40280.32,40333.08,40273.21,40273.71,39.360544,2021-06-15 19:30:59,1586081.53092059,940,29.373402,1183651.31329084,"BTCUSDT"
"437",2021-06-15 19:31:00,40273.72,40273.72,40196.7,40207.18,29.192309,2021-06-15 19:31:59,1174449.10800198,1152,14.669155,590142.37935882,"BTCUSDT"
"438",2021-06-15 19:32:00,40207.17,40211.67,40156.7,40195.99,43.943412,2021-06-15 19:32:59,1765431.97177389,1218,19.567649,786107.08279854,"BTCUSDT"
"439",2021-06-15 19:33:00,40195.99,40195.99,40083.68,40120.44,92.319634,2021-06-15 19:33:59,3703976.44459722,2462,46.260577,1855899.34161101,"BTCUSDT"
"440",2021-06-15 19:34:00,40120.43,40161.81,40071.42,40089.5,60.815404,2021-06-15 19:34:59,2439472.99115824,1444,31.162118,1250065.06303011,"BTCUSDT"
"441",2021-06-15 19:35:00,40089.51,40146.87,40089.33,40097.3,70.260358,2021-06-15 19:35:59,2819253.007794,1566,39.219906,1573719.86116438,"BTCUSDT"
"442",2021-06-15 19:36:00,40097.31,40097.31,40000,40055.2,108.937215,2021-06-15 19:36:59,4362178.23776262,2456,46.541317,1863619.59652756,"BTCUSDT"
"443",2021-06-15 19:37:00,40055.2,40110.97,40016.6,40093.56,61.050326,2021-06-15 19:37:59,2446975.1772663,1442,28.115911,1126766.80327483,"BTCUSDT"
"444",2021-06-15 19:38:00,40093.57,40133.76,40092.89,40121.72,31.439624,2021-06-15 19:38:59,1261231.22480379,1016,15.940852,639421.5280183,"BTCUSDT"
"445",2021-06-15 19:39:00,40121.72,40128.73,40100,40123.29,29.209257,2021-06-15 19:39:59,1171696.27502497,1010,17.840419,715689.01313305,"BTCUSDT"
"446",2021-06-15 19:40:00,40123.29,40163.88,40123.29,40143.68,40.533959,2021-06-15 19:40:59,1627249.30340123,875,24.583808,986895.90499343,"BTCUSDT"
"447",2021-06-15 19:41:00,40145.02,40167.34,40133.49,40150.01,20.724682,2021-06-15 19:41:59,832122.79876415,1156,9.945257,399329.51720822,"BTCUSDT"
"448",2021-06-15 19:42:00,40150.01,40197.13,40140.02,40176.23,50.04882,2021-06-15 19:42:59,2009839.58360708,1140,40.916659,1643106.19760294,"BTCUSDT"
"449",2021-06-15 19:43:00,40176.22,40211.08,40174.68,40193.97,29.283463,2021-06-15 19:43:59,1177118.06495769,1196,17.357004,697724.31821638,"BTCUSDT"
"450",2021-06-15 19:44:00,40193.96,40200,40175.73,40194.01,119.050914,2021-06-15 19:44:59,4784414.47522762,1329,38.112612,1531760.03555737,"BTCUSDT"
"451",2021-06-15 19:45:00,40194,40233.63,40189.94,40192.75,45.541438,2021-06-15 19:45:59,1831291.94606754,1436,18.1951,731647.77517993,"BTCUSDT"
"452",2021-06-15 19:46:00,40192.74,40192.74,40161.56,40177.77,118.659328,2021-06-15 19:46:59,4767832.5479608,1272,25.877003,1039588.09144314,"BTCUSDT"
"453",2021-06-15 19:47:00,40177.76,40178.83,40100,40100.01,60.470222,2021-06-15 19:47:59,2426150.41022804,1573,21.032571,844134.21583577,"BTCUSDT"
"454",2021-06-15 19:48:00,40100.01,40120,40049.93,40099.8,75.834597,2021-06-15 19:48:59,3039683.12804292,1722,26.200461,1050123.526046,"BTCUSDT"
"455",2021-06-15 19:49:00,40099.8,40099.8,40022.93,40027.29,76.588244,2021-06-15 19:49:59,3068782.83930848,1729,54.454578,2182097.54313863,"BTCUSDT"
"456",2021-06-15 19:50:00,40026,40099.15,40022.22,40092.86,52.295407,2021-06-15 19:50:59,2095378.06567251,1445,34.207164,1370698.33108338,"BTCUSDT"
"457",2021-06-15 19:51:00,40092.86,40125.48,40070.56,40090.67,27.818107,2021-06-15 19:51:59,1115106.70134901,1085,10.86532,435536.59521067,"BTCUSDT"
"458",2021-06-15 19:52:00,40090.68,40106.4,40067.79,40096.7,15.823613,2021-06-15 19:52:59,634339.54456397,735,5.380092,215664.56752517,"BTCUSDT"
"459",2021-06-15 19:53:00,40097.76,40100,40077.48,40080,25.642996,2021-06-15 19:53:59,1027923.53173318,1191,13.746866,551000.67606684,"BTCUSDT"
"460",2021-06-15 19:54:00,40079.99,40100,40065.89,40092.05,28.356507,2021-06-15 19:54:59,1136634.88374031,1168,11.80545,473222.14149698,"BTCUSDT"
"461",2021-06-15 19:55:00,40092.04,40097,40003,40003.01,47.707075,2021-06-15 19:55:59,1910638.70714201,1705,14.48698,580262.72337452,"BTCUSDT"
"462",2021-06-15 19:56:00,40003.01,40014.89,39925,39951.95,188.992603,2021-06-15 19:56:59,7553826.00351653,3585,59.003633,2358136.92883379,"BTCUSDT"
"463",2021-06-15 19:57:00,39951.96,39985,39943.79,39965.7,111.9835,2021-06-15 19:57:59,4477001.72471375,1760,83.585547,3341866.14024682,"BTCUSDT"
"464",2021-06-15 19:58:00,39965.7,39990,39958.5,39971.71,52.58858,2021-06-15 19:58:59,2102271.1134102,1388,21.825116,872498.25714541,"BTCUSDT"
"465",2021-06-15 19:59:00,39971.72,40044.89,39968,40021,50.426034,2021-06-15 19:59:59,2017196.40869845,1924,29.111035,1164597.32988696,"BTCUSDT"
"466",2021-06-15 20:00:00,40020.99,40025.54,39964.22,39966.5,39.528865,2021-06-15 20:00:59,1580835.83611824,1349,12.316984,492544.05130776,"BTCUSDT"
"467",2021-06-15 20:01:00,39966.49,39974.94,39920.62,39941.75,146.852359,2021-06-15 20:01:59,5865890.13050371,2258,38.602542,1541860.38731364,"BTCUSDT"
"468",2021-06-15 20:02:00,39941.75,39998.37,39941.75,39967.49,31.025696,2021-06-15 20:02:59,1240071.03082406,1100,15.837927,633032.38268391,"BTCUSDT"
"469",2021-06-15 20:03:00,39967.49,39969.98,39856.84,39902.23,106.133603,2021-06-15 20:03:59,4235323.52233684,2677,29.133487,1162418.98657046,"BTCUSDT"
"470",2021-06-15 20:04:00,39902.22,39949.43,39901.8,39904.25,40.739775,2021-06-15 20:04:59,1626267.89787455,1205,15.162034,605215.02752995,"BTCUSDT"
"471",2021-06-15 20:05:00,39904.25,39930.22,39861.07,39927.55,143.753778,2021-06-15 20:05:59,5735968.56511251,1927,85.10232,3396137.49814856,"BTCUSDT"
"472",2021-06-15 20:06:00,39927.54,39969.98,39900.91,39969.97,37.424905,2021-06-15 20:06:59,1494621.01416971,1078,20.472547,817625.98542675,"BTCUSDT"
"473",2021-06-15 20:07:00,39965.81,40000.01,39965.8,39984.93,86.604952,2021-06-15 20:07:59,3463224.07415735,1521,47.108826,1883634.52053711,"BTCUSDT"
"474",2021-06-15 20:08:00,39984.93,39988.92,39958.15,39978.57,20.80224,2021-06-15 20:08:59,831577.21337755,1047,8.31642,332442.45002767,"BTCUSDT"
"475",2021-06-15 20:09:00,39978.56,39978.56,39927.57,39942.01,85.560382,2021-06-15 20:09:59,3417593.75957629,1928,41.074287,1640582.69689165,"BTCUSDT"
"476",2021-06-15 20:10:00,39942.01,40013.11,39938.78,40007.81,44.895186,2021-06-15 20:10:59,1795160.72766761,1535,28.409936,1136012.8337888,"BTCUSDT"
"477",2021-06-15 20:11:00,40007.81,40084.37,40007.76,40051.83,57.265445,2021-06-15 20:11:59,2293880.55068219,1779,27.295776,1093298.10863055,"BTCUSDT"
"478",2021-06-15 20:12:00,40051.83,40058.59,40010.85,40037,55.622739,2021-06-15 20:12:59,2227022.31961761,1255,36.242624,1451090.10909122,"BTCUSDT"
"479",2021-06-15 20:13:00,40037,40063.16,40007.77,40049.86,47.730008,2021-06-15 20:13:59,1911241.92318199,1378,28.395265,1136960.02103913,"BTCUSDT"
"480",2021-06-15 20:14:00,40046.57,40050,39980,39993.78,44.942378,2021-06-15 20:14:59,1798723.63008682,1390,19.508999,780860.35254143,"BTCUSDT"
"481",2021-06-15 20:15:00,39995.23,40049.5,39974.96,40033.02,59.314093,2021-06-15 20:15:59,2373514.1557292,1436,45.956676,1839119.47159523,"BTCUSDT"
"482",2021-06-15 20:16:00,40033.01,40040.07,40000,40023.79,33.539144,2021-06-15 20:16:59,1342231.944881,1310,18.574061,743292.61723498,"BTCUSDT"
"483",2021-06-15 20:17:00,40023.79,40028.5,40000.39,40028.5,22.079198,2021-06-15 20:17:59,883580.47105301,1216,10.028797,401342.51255321,"BTCUSDT"
"484",2021-06-15 20:18:00,40028.49,40086.79,40025.33,40076.8,51.399946,2021-06-15 20:18:59,2058990.01488068,1739,34.243114,1371634.59883113,"BTCUSDT"
"485",2021-06-15 20:19:00,40076.81,40076.95,40032.15,40048.32,26.127381,2021-06-15 20:19:59,1046299.89372686,1130,13.48786,540133.93336972,"BTCUSDT"
"486",2021-06-15 20:20:00,40048.32,40079.58,40043.71,40071.24,30.401633,2021-06-15 20:20:59,1218104.5486315,1225,12.362803,495381.79163628,"BTCUSDT"
"487",2021-06-15 20:21:00,40071.24,40094.82,40035.01,40054.81,44.589995,2021-06-15 20:21:59,1786548.1070766,1245,16.327683,654169.14720298,"BTCUSDT"
"488",2021-06-15 20:22:00,40054.81,40076.58,40026.19,40028.37,24.821679,2021-06-15 20:22:59,994004.87717185,1049,13.713932,549205.14137252,"BTCUSDT"
"489",2021-06-15 20:23:00,40028.37,40028.38,39947.26,39950,32.974462,2021-06-15 20:23:59,1318567.28134258,1276,9.038044,361404.9563797,"BTCUSDT"
"490",2021-06-15 20:24:00,39949.99,39996.25,39947.64,39982.3,103.833322,2021-06-15 20:24:59,4150024.08203887,1462,86.645726,3463186.98933059,"BTCUSDT"
"491",2021-06-15 20:25:00,39982.3,39982.3,39910.3,39953.19,43.332975,2021-06-15 20:25:59,1730434.79044885,1346,19.188764,766316.12476001,"BTCUSDT"
"492",2021-06-15 20:26:00,39953.2,40024.67,39920.82,40022.83,54.712843,2021-06-15 20:26:59,2186876.01620722,1511,43.723732,1747569.56300568,"BTCUSDT"
"493",2021-06-15 20:27:00,40022.83,40022.84,39959.39,40014.63,34.03903,2021-06-15 20:27:59,1361514.40238871,1181,17.235699,689413.02541589,"BTCUSDT"
"494",2021-06-15 20:28:00,40014.54,40046.32,40009.37,40025.33,35.351015,2021-06-15 20:28:59,1415032.06167947,1076,20.243413,810331.82775845,"BTCUSDT"
"495",2021-06-15 20:29:00,40025.33,40039.95,39990.41,40001.88,35.18293,2021-06-15 20:29:59,1407855.36194248,893,17.486521,699755.64556522,"BTCUSDT"
"496",2021-06-15 20:30:00,40000.32,40046.71,39962.63,40021.66,45.82637,2021-06-15 20:30:59,1833414.43570791,1181,23.831221,953643.52642601,"BTCUSDT"
"497",2021-06-15 20:31:00,40021.67,40025.34,39966.69,39968.41,29.46223,2021-06-15 20:31:59,1178775.42445414,1080,15.373027,615100.16516748,"BTCUSDT"
"498",2021-06-15 20:32:00,39968.41,39984.9,39916.34,39939.65,34.226159,2021-06-15 20:32:59,1367225.54231373,1121,14.316883,571896.38588555,"BTCUSDT"
"499",2021-06-15 20:33:00,39939.64,39948.62,39720,39774.75,422.933314,2021-06-15 20:33:59,16841146.9185295,5385,124.198762,4941995.28632345,"BTCUSDT"
"500",2021-06-15 20:34:00,39774.74,39812.87,39720.01,39811.36,49.826799,2021-06-15 20:34:59,1981242.33230905,1334,19.952276,793634.91775952,"BTCUSDT"
