"","datetime","contrast","rsi","decision","price"
"1",2021-06-15 12:15:00,"MACD < Signal",NA,"Wait",40344.97
"2",2021-06-15 12:16:00,"MACD < Signal",NA,"Wait",40321.64
"3",2021-06-15 12:17:00,"MACD < Signal",NA,"Wait",40296.41
"4",2021-06-15 12:18:00,"MACD < Signal",NA,"Wait",40291.02
"5",2021-06-15 12:19:00,"MACD < Signal",NA,"Wait",40284.28
"6",2021-06-15 12:20:00,"MACD < Signal",NA,"Wait",40292.13
"7",2021-06-15 12:21:00,"MACD < Signal",NA,"Wait",40288.71
"8",2021-06-15 12:22:00,"MACD < Signal",NA,"Wait",40295.21
"9",2021-06-15 12:23:00,"MACD < Signal",NA,"Wait",40275
"10",2021-06-15 12:24:00,"MACD < Signal",NA,"Wait",40248.39
"11",2021-06-15 12:25:00,"MACD < Signal",NA,"Wait",40252.02
"12",2021-06-15 12:26:00,"MACD < Signal",NA,"Wait",40232.37
"13",2021-06-15 12:27:00,"MACD < Signal",NA,"Wait",40264.64
"14",2021-06-15 12:28:00,"MACD < Signal",NA,"Wait",40306.11
"15",2021-06-15 12:29:00,"MACD < Signal",42.2851445663023,"Wait",40269.81
"16",2021-06-15 12:30:00,"MACD < Signal",48.6593501183568,"Wait",40282.94
"17",2021-06-15 12:31:00,"MACD < Signal",41.5615924714195,"Wait",40289.97
"18",2021-06-15 12:32:00,"MACD < Signal",31.8165189250044,"Wait",40245.12
"19",2021-06-15 12:33:00,"MACD < Signal",35.9647963633483,"Wait",40155.04
"20",2021-06-15 12:34:00,"MACD < Signal",33.4028817594932,"Wait",40185.93
"21",2021-06-15 12:35:00,"MACD < Signal",31.8867321081507,"Wait",40153.5
"22",2021-06-15 12:36:00,"MACD < Signal",30.313165095774,"Wait",40148.52
"23",2021-06-15 12:37:00,"MACD < Signal",32.6029249724525,"Wait",40106.66
"24",2021-06-15 12:38:00,"MACD < Signal",38.0341683551294,"Wait",40107.24
"25",2021-06-15 12:39:00,"MACD < Signal",40.7530925518575,"Wait",40142.71
"26",2021-06-15 12:40:00,"MACD < Signal",40.3183150270428,"Wait",40154.18
"27",2021-06-15 12:41:00,"MACD < Signal",32.453443764132,"Wait",40183.35
"28",2021-06-15 12:42:00,"MACD < Signal",40.6647368965161,"Wait",40167.98
"29",2021-06-15 12:43:00,"MACD < Signal",36.5762110068471,"Wait",40197.57
"30",2021-06-15 12:44:00,"MACD < Signal",40.5548028239317,"Wait",40177.09
"31",2021-06-15 12:45:00,"MACD < Signal",41.6803068428893,"Wait",40210.5
"32",2021-06-15 12:46:00,"MACD < Signal",48.7721906177634,"Wait",40177
"33",2021-06-15 12:47:00,"MACD < Signal",38.8521216839994,"Wait",40146.44
"34",2021-06-15 12:48:00,"Signal < MACD",51.8382447396148,"Wait",40105.76
"35",2021-06-15 12:49:00,"Signal < MACD",54.42451270231,"Wait",40167.8
"36",2021-06-15 12:50:00,"Signal < MACD",62.3591445625117,"Sell",40183.26
"37",2021-06-15 12:51:00,"Signal < MACD",61.1627233728981,"Sell",40199
"38",2021-06-15 12:52:00,"Signal < MACD",60.9675456925967,"Sell",40192.07
"39",2021-06-15 12:53:00,"Signal < MACD",57.2120063514828,"Wait",40229.99
"40",2021-06-15 12:54:00,"Signal < MACD",60.9266102249874,"Sell",40211.07
"41",2021-06-15 12:55:00,"Signal < MACD",60.4543766824466,"Sell",40273.8
"42",2021-06-15 12:56:00,"Signal < MACD",60.7476850785459,"Sell",40258.09
"43",2021-06-15 12:57:00,"Signal < MACD",61.0825458588099,"Sell",40290.89
"44",2021-06-15 12:58:00,"Signal < MACD",56.0201401050787,"Wait",40272.79
"45",2021-06-15 12:59:00,"Signal < MACD",62.160634936942,"Sell",40256.5
"46",2021-06-15 13:00:00,"Signal < MACD",71.5836355228893,"Sell",40271.59
"47",2021-06-15 13:01:00,"Signal < MACD",80.6846462491741,"Sell",40323.82
"48",2021-06-15 13:02:00,"Signal < MACD",78.387133439417,"Sell",40347.41
"49",2021-06-15 13:03:00,"Signal < MACD",70.7801032889373,"Sell",40367.61
"50",2021-06-15 13:04:00,"Signal < MACD",60.6665509460161,"Sell",40335.27
"51",2021-06-15 13:05:00,"Signal < MACD",64.696024578717,"Sell",40285.01
"52",2021-06-15 13:06:00,"Signal < MACD",48.2714932126695,"Wait",40316.14
"53",2021-06-15 13:07:00,"MACD < Signal",47.9455885584164,"Wait",40212.82
"54",2021-06-15 13:08:00,"MACD < Signal",41.6963107143651,"Wait",40191
"55",2021-06-15 13:09:00,"MACD < Signal",41.0434284707535,"Wait",40202.57
"56",2021-06-15 13:10:00,"MACD < Signal",37.9482187145078,"Wait",40176.74
"57",2021-06-15 13:11:00,"MACD < Signal",43.4523539806974,"Wait",40186.9
"58",2021-06-15 13:12:00,"MACD < Signal",45.0518597582196,"Wait",40215.82
"59",2021-06-15 13:13:00,"MACD < Signal",45.1091743544577,"Wait",40217.35
"60",2021-06-15 13:14:00,"MACD < Signal",34.8565278015608,"Wait",40230.64
"61",2021-06-15 13:15:00,"MACD < Signal",34.7479846119907,"Wait",40200.01
"62",2021-06-15 13:16:00,"Signal < MACD",42.1426553979182,"Wait",40222.91
"63",2021-06-15 13:17:00,"Signal < MACD",42.3829917405931,"Wait",40295.27
"64",2021-06-15 13:18:00,"Signal < MACD",47.3941407872551,"Wait",40264.79
"65",2021-06-15 13:19:00,"Signal < MACD",46.4707491111608,"Wait",40263.72
"66",2021-06-15 13:20:00,"Signal < MACD",63.1207580135755,"Sell",40289.97
"67",2021-06-15 13:21:00,"Signal < MACD",70.0609945208316,"Sell",40290.91
"68",2021-06-15 13:22:00,"Signal < MACD",63.796968581658,"Sell",40306.37
"69",2021-06-15 13:23:00,"Signal < MACD",64.6119959335832,"Sell",40285.04
"70",2021-06-15 13:24:00,"Signal < MACD",64.7148263278827,"Sell",40262.97
"71",2021-06-15 13:25:00,"Signal < MACD",64.5531380469102,"Sell",40274.01
"72",2021-06-15 13:26:00,"Signal < MACD",62.88211069073,"Sell",40300.74
"73",2021-06-15 13:27:00,"Signal < MACD",59.8480460631663,"Wait",40294.3
"74",2021-06-15 13:28:00,"Signal < MACD",71.5719709156423,"Sell",40285.03
"75",2021-06-15 13:29:00,"Signal < MACD",72.3477498904674,"Sell",40334.6
"76",2021-06-15 13:30:00,"Signal < MACD",67.6857811585723,"Sell",40367.41
"77",2021-06-15 13:31:00,"Signal < MACD",64.6274181157898,"Sell",40391.97
"78",2021-06-15 13:32:00,"Signal < MACD",58.9633311032534,"Wait",40347.24
"79",2021-06-15 13:33:00,"Signal < MACD",47.2342829953015,"Wait",40319.98
"80",2021-06-15 13:34:00,"MACD < Signal",43.6687503457424,"Wait",40271.35
"81",2021-06-15 13:35:00,"MACD < Signal",44.009457304668,"Wait",40245.14
"82",2021-06-15 13:36:00,"MACD < Signal",42.8892937520093,"Wait",40264.17
"83",2021-06-15 13:37:00,"MACD < Signal",54.704906375918,"Wait",40231.97
"84",2021-06-15 13:38:00,"MACD < Signal",53.7814109850771,"Wait",40301.85
"85",2021-06-15 13:39:00,"MACD < Signal",49.3641822677498,"Wait",40305.29
"86",2021-06-15 13:40:00,"MACD < Signal",53.4684296253711,"Wait",40295.69
"87",2021-06-15 13:41:00,"MACD < Signal",52.3597297804469,"Wait",40323.26
"88",2021-06-15 13:42:00,"MACD < Signal",43.0733922554814,"Wait",40307.44
"89",2021-06-15 13:43:00,"MACD < Signal",39.7207859358845,"Wait",40277.36
"90",2021-06-15 13:44:00,"MACD < Signal",33.7090841734806,"Wait",40284.88
"91",2021-06-15 13:45:00,"MACD < Signal",42.4074380621309,"Wait",40268.86
"92",2021-06-15 13:46:00,"Signal < MACD",52.343958566928,"Wait",40296.17
"93",2021-06-15 13:47:00,"Signal < MACD",57.2149756339544,"Wait",40337.54
"94",2021-06-15 13:48:00,"Signal < MACD",64.4353194883464,"Sell",40320.8
"95",2021-06-15 13:49:00,"Signal < MACD",62.8723863566278,"Sell",40342.86
"96",2021-06-15 13:50:00,"Signal < MACD",73.1962773438669,"Sell",40346.26
"97",2021-06-15 13:51:00,"Signal < MACD",66.3851985288599,"Sell",40387
"98",2021-06-15 13:52:00,"Signal < MACD",54.8893017982558,"Wait",40390.01
"99",2021-06-15 13:53:00,"Signal < MACD",54.6946588840767,"Wait",40339.63
"100",2021-06-15 13:54:00,"MACD < Signal",46.4083504665508,"Wait",40325.62
"101",2021-06-15 13:55:00,"MACD < Signal",46.4083504665508,"Wait",40300.55
"102",2021-06-15 13:56:00,"MACD < Signal",52.6049105624702,"Wait",40284.71
"103",2021-06-15 13:57:00,"MACD < Signal",50.484630296316,"Wait",40292.4
"104",2021-06-15 13:58:00,"MACD < Signal",52.486863888289,"Wait",40289.03
"105",2021-06-15 13:59:00,"MACD < Signal",50.5506030414267,"Wait",40282.68
"106",2021-06-15 14:00:00,"MACD < Signal",33.9517489183844,"Wait",40298.13
"107",2021-06-15 14:01:00,"MACD < Signal",37.1645004998863,"Wait",40250.01
"108",2021-06-15 14:02:00,"MACD < Signal",24.848444474053,"Buy",40254.04
"109",2021-06-15 14:03:00,"MACD < Signal",28.4200507614225,"Buy",40191.83
"110",2021-06-15 14:04:00,"MACD < Signal",13.9715135568042,"Buy",40210.22
"111",2021-06-15 14:05:00,"MACD < Signal",18.7646852296991,"Buy",40135.05
"112",2021-06-15 14:06:00,"MACD < Signal",18.5136827520068,"Buy",40160.71
"113",2021-06-15 14:07:00,"MACD < Signal",15.8431193706548,"Buy",40100.01
"114",2021-06-15 14:08:00,"MACD < Signal",20.7295435168347,"Buy",40026.03
"115",2021-06-15 14:09:00,"MACD < Signal",23.3367594842106,"Buy",40046.51
"116",2021-06-15 14:10:00,"MACD < Signal",25.3525611864267,"Buy",40055.8
"117",2021-06-15 14:11:00,"MACD < Signal",27.2448041611564,"Buy",40075.97
"118",2021-06-15 14:12:00,"MACD < Signal",21.7054263565903,"Buy",40087.59
"119",2021-06-15 14:13:00,"MACD < Signal",21.1036915711232,"Buy",39965.86
"120",2021-06-15 14:14:00,"MACD < Signal",22.3541972507681,"Buy",39977.02
"121",2021-06-15 14:15:00,"MACD < Signal",29.1068289031632,"Buy",39959.09
"122",2021-06-15 14:16:00,"MACD < Signal",34.2060102204263,"Wait",40013.7
"123",2021-06-15 14:17:00,"MACD < Signal",25.8169515441108,"Buy",40026.18
"124",2021-06-15 14:18:00,"MACD < Signal",24.0643869193519,"Buy",39908.97
"125",2021-06-15 14:19:00,"MACD < Signal",19.7543824328796,"Buy",39787.99
"126",2021-06-15 14:20:00,"MACD < Signal",20.2407614781637,"Buy",39741.17
"127",2021-06-15 14:21:00,"MACD < Signal",24.3374079171059,"Buy",39694.07
"128",2021-06-15 14:22:00,"MACD < Signal",28.9890747747335,"Buy",39709.02
"129",2021-06-15 14:23:00,"MACD < Signal",26.7708842208106,"Buy",39767.97
"130",2021-06-15 14:24:00,"MACD < Signal",31.5269299447693,"Wait",39742.61
"131",2021-06-15 14:25:00,"MACD < Signal",34.6124358906572,"Wait",39809.06
"132",2021-06-15 14:26:00,"Signal < MACD",41.0114647287308,"Wait",39850.31
"133",2021-06-15 14:27:00,"Signal < MACD",34.4090154146021,"Wait",39851.08
"134",2021-06-15 14:28:00,"Signal < MACD",39.4976629378712,"Wait",39749.86
"135",2021-06-15 14:29:00,"Signal < MACD",34.7918017535452,"Wait",39800.01
"136",2021-06-15 14:30:00,"Signal < MACD",32.9365524985961,"Wait",39798.22
"137",2021-06-15 14:31:00,"Signal < MACD",37.3713885261044,"Wait",39783.12
"138",2021-06-15 14:32:00,"Signal < MACD",49.9237734878686,"Wait",39750
"139",2021-06-15 14:33:00,"Signal < MACD",49.3517812397865,"Wait",39787.16
"140",2021-06-15 14:34:00,"Signal < MACD",54.4220042315833,"Wait",39730.9
"141",2021-06-15 14:35:00,"Signal < MACD",50.2784036946682,"Wait",39742.05
"142",2021-06-15 14:36:00,"Signal < MACD",40.5733250524029,"Wait",39712
"143",2021-06-15 14:37:00,"Signal < MACD",41.4321388932933,"Wait",39674.72
"144",2021-06-15 14:38:00,"MACD < Signal",28.8745798404413,"Buy",39651.24
"145",2021-06-15 14:39:00,"MACD < Signal",21.1202642982801,"Buy",39600.39
"146",2021-06-15 14:40:00,"MACD < Signal",33.997761167082,"Wait",39583.97
"147",2021-06-15 14:41:00,"Signal < MACD",47.0026865551946,"Wait",39673.82
"148",2021-06-15 14:42:00,"Signal < MACD",39.9796077750777,"Wait",39719.96
"149",2021-06-15 14:43:00,"Signal < MACD",37.5099224522194,"Wait",39702.83
"150",2021-06-15 14:44:00,"Signal < MACD",39.5672429858168,"Wait",39679.3
"151",2021-06-15 14:45:00,"Signal < MACD",49.705579415823,"Wait",39682.29
"152",2021-06-15 14:46:00,"Signal < MACD",51.2103159641049,"Wait",39746.97
"153",2021-06-15 14:47:00,"Signal < MACD",55.9194680610168,"Wait",39800
"154",2021-06-15 14:48:00,"Signal < MACD",57.4353469696065,"Wait",39788.4
"155",2021-06-15 14:49:00,"Signal < MACD",55.583556162592,"Wait",39816.86
"156",2021-06-15 14:50:00,"Signal < MACD",63.3894809212794,"Sell",39770.05
"157",2021-06-15 14:51:00,"Signal < MACD",65.3025891241051,"Sell",39813.02
"158",2021-06-15 14:52:00,"Signal < MACD",73.6866218692737,"Sell",39811.71
"159",2021-06-15 14:53:00,"Signal < MACD",78.1483345918291,"Sell",39817.53
"160",2021-06-15 14:54:00,"Signal < MACD",74.1629879470273,"Sell",39852.36
"161",2021-06-15 14:55:00,"Signal < MACD",82.0059761300248,"Sell",39868.72
"162",2021-06-15 14:56:00,"Signal < MACD",85.1500355687781,"Sell",40088.28
"163",2021-06-15 14:57:00,"Signal < MACD",90.7809412055347,"Sell",40142.44
"164",2021-06-15 14:58:00,"Signal < MACD",79.9595503762925,"Sell",40206.37
"165",2021-06-15 14:59:00,"Signal < MACD",76.6294268631038,"Sell",40117.8
"166",2021-06-15 15:00:00,"Signal < MACD",76.3898256816111,"Sell",40105.94
"167",2021-06-15 15:01:00,"Signal < MACD",69.9079598919116,"Sell",40152.12
"168",2021-06-15 15:02:00,"Signal < MACD",68.5738307635311,"Sell",40078.67
"169",2021-06-15 15:03:00,"Signal < MACD",70.321496419699,"Sell",40077.52
"170",2021-06-15 15:04:00,"Signal < MACD",62.9903264291157,"Sell",40048.17
"171",2021-06-15 15:05:00,"MACD < Signal",59.9674320588961,"Wait",39993.77
"172",2021-06-15 15:06:00,"MACD < Signal",62.7808452711128,"Wait",39957.37
"173",2021-06-15 15:07:00,"MACD < Signal",61.0543130990413,"Wait",40018.48
"174",2021-06-15 15:08:00,"MACD < Signal",61.2959557607588,"Wait",40018.46
"175",2021-06-15 15:09:00,"MACD < Signal",49.9598050115453,"Wait",40039.45
"176",2021-06-15 15:10:00,"MACD < Signal",48.0041232716028,"Wait",40090.09
"177",2021-06-15 15:11:00,"MACD < Signal",36.6727553744552,"Wait",40119.99
"178",2021-06-15 15:12:00,"MACD < Signal",42.5618655469032,"Wait",40051.99
"179",2021-06-15 15:13:00,"MACD < Signal",43.3987362820082,"Wait",40044.82
"180",2021-06-15 15:14:00,"MACD < Signal",37.7582739074792,"Wait",40042.42
"181",2021-06-15 15:15:00,"MACD < Signal",40.2848224736639,"Wait",40045
"182",2021-06-15 15:16:00,"MACD < Signal",34.2902214749783,"Wait",39999
"183",2021-06-15 15:17:00,"MACD < Signal",39.3021683080437,"Wait",39926.16
"184",2021-06-15 15:18:00,"MACD < Signal",41.8145025295112,"Wait",39946.93
"185",2021-06-15 15:19:00,"MACD < Signal",49.920057648569,"Wait",39920.96
"186",2021-06-15 15:20:00,"MACD < Signal",43.7869672918462,"Wait",39956.68
"187",2021-06-15 15:21:00,"MACD < Signal",39.0017110951013,"Wait",39969.29
"188",2021-06-15 15:22:00,"MACD < Signal",40.1114082981506,"Wait",39920.01
"189",2021-06-15 15:23:00,"MACD < Signal",38.5688048432077,"Wait",39949.25
"190",2021-06-15 15:24:00,"MACD < Signal",32.5320773103784,"Wait",39989.27
"191",2021-06-15 15:25:00,"MACD < Signal",44.2478540504015,"Wait",39969.42
"192",2021-06-15 15:26:00,"MACD < Signal",47.4519265920894,"Wait",40006.02
"193",2021-06-15 15:27:00,"Signal < MACD",54.0505592551888,"Wait",40023.9
"194",2021-06-15 15:28:00,"Signal < MACD",51.9376438585475,"Wait",40080.01
"195",2021-06-15 15:29:00,"Signal < MACD",60.747104329615,"Sell",40063.54
"196",2021-06-15 15:30:00,"Signal < MACD",76.2461960481756,"Sell",40099.58
"197",2021-06-15 15:31:00,"Signal < MACD",76.1521580102409,"Sell",40171.1
"198",2021-06-15 15:32:00,"Signal < MACD",75.17841971113,"Sell",40190.05
"199",2021-06-15 15:33:00,"Signal < MACD",67.3445634232018,"Sell",40158.04
"200",2021-06-15 15:34:00,"Signal < MACD",55.7916643846867,"Wait",40120.6
"201",2021-06-15 15:35:00,"MACD < Signal",58.0963424834613,"Wait",40032.77
"202",2021-06-15 15:36:00,"MACD < Signal",54.1762226796034,"Wait",40005.92
"203",2021-06-15 15:37:00,"MACD < Signal",50.3397171854436,"Wait",39992.6
"204",2021-06-15 15:38:00,"MACD < Signal",52.0036849378171,"Wait",39992.48
"205",2021-06-15 15:39:00,"MACD < Signal",48.7480969668585,"Wait",39981.38
"206",2021-06-15 15:40:00,"MACD < Signal",49.5515850144084,"Wait",39993.87
"207",2021-06-15 15:41:00,"MACD < Signal",37.9848854450656,"Wait",40020.01
"208",2021-06-15 15:42:00,"MACD < Signal",42.4737041599542,"Wait",39979.53
"209",2021-06-15 15:43:00,"MACD < Signal",36.6746037842118,"Wait",39999.99
"210",2021-06-15 15:44:00,"MACD < Signal",24.4909174171872,"Buy",39995.49
"211",2021-06-15 15:45:00,"MACD < Signal",18.424770780098,"Buy",40003.99
"212",2021-06-15 15:46:00,"MACD < Signal",19.4948948757897,"Buy",39979.95
"213",2021-06-15 15:47:00,"MACD < Signal",22.8995352163025,"Buy",39967.84
"214",2021-06-15 15:48:00,"MACD < Signal",42.6494345718893,"Wait",39969
"215",2021-06-15 15:49:00,"MACD < Signal",55.0140330556428,"Wait",39999.99
"216",2021-06-15 15:50:00,"MACD < Signal",38.2712988502189,"Wait",40028.48
"217",2021-06-15 15:51:00,"MACD < Signal",47.4373531198009,"Wait",39918.38
"218",2021-06-15 15:52:00,"MACD < Signal",45.2530290435523,"Wait",39973.07
"219",2021-06-15 15:53:00,"MACD < Signal",42.4359796713868,"Wait",39949.99
"220",2021-06-15 15:54:00,"MACD < Signal",40.8677361311739,"Wait",39934.02
"221",2021-06-15 15:55:00,"MACD < Signal",48.6786427145708,"Wait",39947.95
"222",2021-06-15 15:56:00,"MACD < Signal",45.8390675466932,"Wait",39969.6
"223",2021-06-15 15:57:00,"Signal < MACD",49.2481810832667,"Wait",39970.35
"224",2021-06-15 15:58:00,"Signal < MACD",45.0843423367485,"Wait",39989.99
"225",2021-06-15 15:59:00,"Signal < MACD",55.3343457833039,"Wait",39965.98
"226",2021-06-15 16:00:00,"Signal < MACD",59.8005113911223,"Wait",40024.92
"227",2021-06-15 16:01:00,"Signal < MACD",54.6015008822467,"Wait",40052.58
"228",2021-06-15 16:02:00,"Signal < MACD",46.5939098861202,"Wait",40012.3
"229",2021-06-15 16:03:00,"MACD < Signal",39.1705526341899,"Wait",39966.97
"230",2021-06-15 16:04:00,"MACD < Signal",55.6745084668712,"Wait",39919.29
"231",2021-06-15 16:05:00,"Signal < MACD",51.3557334929784,"Wait",39966.83
"232",2021-06-15 16:06:00,"Signal < MACD",57.4275810844267,"Wait",39983.93
"233",2021-06-15 16:07:00,"Signal < MACD",53.1519970668432,"Wait",40010
"234",2021-06-15 16:08:00,"Signal < MACD",55.6269398563153,"Wait",39967.19
"235",2021-06-15 16:09:00,"Signal < MACD",50.4949642764912,"Wait",40000.2
"236",2021-06-15 16:10:00,"Signal < MACD",51.4488930161874,"Wait",39974.21
"237",2021-06-15 16:11:00,"Signal < MACD",47.2888326478957,"Wait",39984.08
"238",2021-06-15 16:12:00,"Signal < MACD",51.8133168454045,"Wait",39964.19
"239",2021-06-15 16:13:00,"Signal < MACD",46.9733940218673,"Wait",39983
"240",2021-06-15 16:14:00,"Signal < MACD",46.0699627756036,"Wait",39999.11
"241",2021-06-15 16:15:00,"Signal < MACD",53.4495207270009,"Wait",40018.39
"242",2021-06-15 16:16:00,"Signal < MACD",55.5705114930627,"Wait",40040
"243",2021-06-15 16:17:00,"Signal < MACD",58.7456217162866,"Wait",40010
"244",2021-06-15 16:18:00,"MACD < Signal",48.291005749617,"Wait",39983.16
"245",2021-06-15 16:19:00,"MACD < Signal",44.3210350633628,"Wait",39954.43
"246",2021-06-15 16:20:00,"MACD < Signal",43.3470590003314,"Wait",39945.49
"247",2021-06-15 16:21:00,"MACD < Signal",48.7641589180055,"Wait",39965.72
"248",2021-06-15 16:22:00,"MACD < Signal",34.443071721178,"Wait",39954.22
"249",2021-06-15 16:23:00,"MACD < Signal",39.5674562306903,"Wait",39904.09
"250",2021-06-15 16:24:00,"MACD < Signal",36.7693757197204,"Wait",39913.15
"251",2021-06-15 16:25:00,"MACD < Signal",45.9435005529306,"Wait",39908.26
"252",2021-06-15 16:26:00,"MACD < Signal",42.7816401816123,"Wait",39939.99
"253",2021-06-15 16:27:00,"MACD < Signal",37.239388431519,"Wait",39942.3
"254",2021-06-15 16:28:00,"MACD < Signal",30.3381986472057,"Wait",39927.51
"255",2021-06-15 16:29:00,"MACD < Signal",26.9959707506344,"Buy",39907.92
"256",2021-06-15 16:30:00,"MACD < Signal",38.5149176191182,"Wait",39916.67
"257",2021-06-15 16:31:00,"Signal < MACD",47.8582422945534,"Wait",39948.1
"258",2021-06-15 16:32:00,"Signal < MACD",52.0730362321803,"Wait",39974.25
"259",2021-06-15 16:33:00,"Signal < MACD",60.7449752403137,"Sell",39965.15
"260",2021-06-15 16:34:00,"Signal < MACD",51.8353490345847,"Wait",40004.5
"261",2021-06-15 16:35:00,"Signal < MACD",59.9884470973332,"Wait",39976.1
"262",2021-06-15 16:36:00,"Signal < MACD",73.3469154335549,"Sell",40014
"263",2021-06-15 16:37:00,"Signal < MACD",73.022936111714,"Sell",40034.74
"264",2021-06-15 16:38:00,"Signal < MACD",74.6382636655943,"Sell",40040.7
"265",2021-06-15 16:39:00,"Signal < MACD",58.4742603450028,"Wait",40043.12
"266",2021-06-15 16:40:00,"Signal < MACD",62.8685717749018,"Sell",39990
"267",2021-06-15 16:41:00,"Signal < MACD",60.8066123453888,"Sell",40027.24
"268",2021-06-15 16:42:00,"Signal < MACD",66.2806499261442,"Sell",40001.26
"269",2021-06-15 16:43:00,"Signal < MACD",64.5345704878777,"Sell",40018.15
"270",2021-06-15 16:44:00,"Signal < MACD",59.9700442823643,"Wait",40014.33
"271",2021-06-15 16:45:00,"Signal < MACD",62.144352752801,"Sell",40009.35
"272",2021-06-15 16:46:00,"Signal < MACD",61.807490889045,"Sell",40050.68
"273",2021-06-15 16:47:00,"Signal < MACD",46.5650167665014,"Wait",40042.27
"274",2021-06-15 16:48:00,"MACD < Signal",48.3469721767594,"Wait",39980.52
"275",2021-06-15 16:49:00,"MACD < Signal",46.9952363503116,"Wait",39964.99
"276",2021-06-15 16:50:00,"MACD < Signal",43.1580957230147,"Wait",39996.77
"277",2021-06-15 16:51:00,"MACD < Signal",45.169905147805,"Wait",39991.74
"278",2021-06-15 16:52:00,"MACD < Signal",45.0146221332927,"Wait",40008.58
"279",2021-06-15 16:53:00,"MACD < Signal",50.7003675195896,"Wait",40010.65
"280",2021-06-15 16:54:00,"MACD < Signal",41.3505311077386,"Wait",39994.03
"281",2021-06-15 16:55:00,"MACD < Signal",45.4280236725847,"Wait",39981.64
"282",2021-06-15 16:56:00,"MACD < Signal",46.1307442300564,"Wait",39979.3
"283",2021-06-15 16:57:00,"MACD < Signal",45.966221201935,"Wait",39999.35
"284",2021-06-15 16:58:00,"MACD < Signal",44.5384493168099,"Wait",39994.11
"285",2021-06-15 16:59:00,"MACD < Signal",31.1263518860463,"Wait",39981.85
"286",2021-06-15 17:00:00,"MACD < Signal",32.8653593587238,"Wait",39964.81
"287",2021-06-15 17:01:00,"MACD < Signal",35.9257425742573,"Wait",39966.6
"288",2021-06-15 17:02:00,"MACD < Signal",45.3507340946174,"Wait",39922.19
"289",2021-06-15 17:03:00,"MACD < Signal",27.3603418952518,"Buy",39945.62
"290",2021-06-15 17:04:00,"MACD < Signal",25.3915577320015,"Buy",39892.95
"291",2021-06-15 17:05:00,"MACD < Signal",13.8518994704133,"Buy",39870.13
"292",2021-06-15 17:06:00,"MACD < Signal",12.5455223238608,"Buy",39773.07
"293",2021-06-15 17:07:00,"MACD < Signal",13.1011558962687,"Buy",39749.49
"294",2021-06-15 17:08:00,"MACD < Signal",11.6582727103153,"Buy",39747.6
"295",2021-06-15 17:09:00,"MACD < Signal",11.3092930076257,"Buy",39693.86
"296",2021-06-15 17:10:00,"MACD < Signal",15.304862996791,"Buy",39680.17
"297",2021-06-15 17:11:00,"MACD < Signal",17.9165755654348,"Buy",39718.25
"298",2021-06-15 17:12:00,"MACD < Signal",20.0211239929263,"Buy",39729.99
"299",2021-06-15 17:13:00,"MACD < Signal",21.3468253765961,"Buy",39735.79
"300",2021-06-15 17:14:00,"MACD < Signal",28.8395904436867,"Buy",39740
"301",2021-06-15 17:15:00,"Signal < MACD",37.5373257153615,"Wait",39783.07
"302",2021-06-15 17:16:00,"Signal < MACD",31.7273795534668,"Wait",39817.66
"303",2021-06-15 17:17:00,"Signal < MACD",32.2951357943625,"Wait",39787.01
"304",2021-06-15 17:18:00,"Signal < MACD",33.1719303317197,"Wait",39741.98
"305",2021-06-15 17:19:00,"Signal < MACD",41.3948594618971,"Wait",39730.42
"306",2021-06-15 17:20:00,"Signal < MACD",52.8863598878442,"Wait",39715.81
"307",2021-06-15 17:21:00,"Signal < MACD",51.9103124494095,"Wait",39770.5
"308",2021-06-15 17:22:00,"Signal < MACD",60.3727994477042,"Sell",39761.75
"309",2021-06-15 17:23:00,"Signal < MACD",64.2113308493356,"Sell",39759.98
"310",2021-06-15 17:24:00,"Signal < MACD",61.7494894486042,"Sell",39769.22
"311",2021-06-15 17:25:00,"Signal < MACD",63.8742445673134,"Sell",39787.28
"312",2021-06-15 17:26:00,"Signal < MACD",63.5402134769488,"Sell",39816.31
"313",2021-06-15 17:27:00,"Signal < MACD",67.3161935784083,"Sell",39821.22
"314",2021-06-15 17:28:00,"Signal < MACD",60.7971599160888,"Sell",39859.07
"315",2021-06-15 17:29:00,"Signal < MACD",53.8971052078218,"Wait",39849.98
"316",2021-06-15 17:30:00,"Signal < MACD",63.9372386432678,"Sell",39839.9
"317",2021-06-15 17:31:00,"Signal < MACD",80.7206460965,"Sell",39864.99
"318",2021-06-15 17:32:00,"Signal < MACD",88.7964601769917,"Sell",39919.99
"319",2021-06-15 17:33:00,"Signal < MACD",92.9354677576658,"Sell",40037.3
"320",2021-06-15 17:34:00,"Signal < MACD",91.4265502135892,"Sell",40076.82
"321",2021-06-15 17:35:00,"Signal < MACD",93.7881929288527,"Sell",40075
"322",2021-06-15 17:36:00,"Signal < MACD",87.4005338756835,"Sell",40082.78
"323",2021-06-15 17:37:00,"Signal < MACD",85.2465282201565,"Sell",40054.21
"324",2021-06-15 17:38:00,"Signal < MACD",79.6256227041721,"Sell",40045.87
"325",2021-06-15 17:39:00,"Signal < MACD",79.0614091790569,"Sell",40022.79
"326",2021-06-15 17:40:00,"Signal < MACD",81.8788041532408,"Sell",40041.1
"327",2021-06-15 17:41:00,"Signal < MACD",73.7008829278157,"Sell",40106.14
"328",2021-06-15 17:42:00,"Signal < MACD",77.540407297235,"Sell",40070.06
"329",2021-06-15 17:43:00,"Signal < MACD",78.4576203405527,"Sell",40114.77
"330",2021-06-15 17:44:00,"Signal < MACD",79.5090992812671,"Sell",40110.3
"331",2021-06-15 17:45:00,"Signal < MACD",70.0882889157471,"Sell",40159.78
"332",2021-06-15 17:46:00,"Signal < MACD",62.2414149772448,"Sell",40116.12
"333",2021-06-15 17:47:00,"Signal < MACD",54.2951987693307,"Wait",40133.37
"334",2021-06-15 17:48:00,"Signal < MACD",56.7895184793543,"Wait",40108.65
"335",2021-06-15 17:49:00,"MACD < Signal",50.6582085280936,"Wait",40127.65
"336",2021-06-15 17:50:00,"MACD < Signal",54.2593680553789,"Wait",40088.3
"337",2021-06-15 17:51:00,"MACD < Signal",56.1398551096955,"Wait",40087.55
"338",2021-06-15 17:52:00,"MACD < Signal",58.6972871340317,"Wait",40093.65
"339",2021-06-15 17:53:00,"MACD < Signal",53.9926107710148,"Wait",40087.54
"340",2021-06-15 17:54:00,"MACD < Signal",48.0210840620339,"Wait",40070.71
"341",2021-06-15 17:55:00,"MACD < Signal",49.2100661920823,"Wait",40091.02
"342",2021-06-15 17:56:00,"MACD < Signal",42.4299263873165,"Wait",40065
"343",2021-06-15 17:57:00,"MACD < Signal",39.7486904051465,"Wait",40071.99
"344",2021-06-15 17:58:00,"MACD < Signal",28.6801930850439,"Buy",40048.47
"345",2021-06-15 17:59:00,"MACD < Signal",39.30361382221,"Wait",40051.14
"346",2021-06-15 18:00:00,"MACD < Signal",30.6608296852195,"Wait",40069.92
"347",2021-06-15 18:01:00,"MACD < Signal",33.0249685647569,"Wait",40039.22
"348",2021-06-15 18:02:00,"MACD < Signal",33.0580367161885,"Wait",40033.05
"349",2021-06-15 18:03:00,"MACD < Signal",34.334063680013,"Wait",40052.17
"350",2021-06-15 18:04:00,"MACD < Signal",32.9368096238971,"Wait",40021.1
"351",2021-06-15 18:05:00,"MACD < Signal",43.6706483359618,"Wait",40011.25
"352",2021-06-15 18:06:00,"MACD < Signal",39.3968146391048,"Wait",40059.96
"353",2021-06-15 18:07:00,"MACD < Signal",38.5720447231343,"Wait",40024.96
"354",2021-06-15 18:08:00,"MACD < Signal",30.2089706024397,"Wait",40001.82
"355",2021-06-15 18:09:00,"MACD < Signal",31.702372102452,"Wait",39970.22
"356",2021-06-15 18:10:00,"MACD < Signal",38.7830511554651,"Wait",39956.7
"357",2021-06-15 18:11:00,"MACD < Signal",35.0073814861388,"Wait",39997.92
"358",2021-06-15 18:12:00,"MACD < Signal",39.6884592942128,"Wait",39938.79
"359",2021-06-15 18:13:00,"MACD < Signal",31.8700814265566,"Wait",39969.85
"360",2021-06-15 18:14:00,"MACD < Signal",33.7045678685683,"Wait",39908.04
"361",2021-06-15 18:15:00,"MACD < Signal",33.3190659628091,"Wait",39903.72
"362",2021-06-15 18:16:00,"MACD < Signal",29.6604976100014,"Buy",39892.74
"363",2021-06-15 18:17:00,"MACD < Signal",37.7869091616416,"Wait",39888.22
"364",2021-06-15 18:18:00,"MACD < Signal",46.3389098523349,"Wait",39920.63
"365",2021-06-15 18:19:00,"Signal < MACD",42.4379971923257,"Wait",39977.68
"366",2021-06-15 18:20:00,"Signal < MACD",71.9492742064126,"Sell",39995.32
"367",2021-06-15 18:21:00,"Signal < MACD",71.6834200802575,"Sell",40355.2
"368",2021-06-15 18:22:00,"Signal < MACD",69.2015598031067,"Sell",40329.27
"369",2021-06-15 18:23:00,"Signal < MACD",71.4165388580195,"Sell",40270.57
"370",2021-06-15 18:24:00,"Signal < MACD",68.178524288931,"Sell",40297.41
"371",2021-06-15 18:25:00,"Signal < MACD",73.8743653224793,"Sell",40278.88
"372",2021-06-15 18:26:00,"Signal < MACD",69.6175230732602,"Sell",40280.17
"373",2021-06-15 18:27:00,"Signal < MACD",78.2664126201346,"Sell",40250
"374",2021-06-15 18:28:00,"Signal < MACD",79.6106266477384,"Sell",40311.57
"375",2021-06-15 18:29:00,"Signal < MACD",82.6236067447838,"Sell",40341.71
"376",2021-06-15 18:30:00,"Signal < MACD",78.5449347949344,"Sell",40419.86
"377",2021-06-15 18:31:00,"Signal < MACD",72.7570648850115,"Sell",40369.57
"378",2021-06-15 18:32:00,"Signal < MACD",71.4356579393118,"Sell",40315.06
"379",2021-06-15 18:33:00,"Signal < MACD",68.764406454091,"Sell",40332.01
"380",2021-06-15 18:34:00,"MACD < Signal",43.0127078408796,"Wait",40307.91
"381",2021-06-15 18:35:00,"MACD < Signal",41.9102738242886,"Wait",40286.03
"382",2021-06-15 18:36:00,"MACD < Signal",48.8655289511823,"Wait",40247.08
"383",2021-06-15 18:37:00,"MACD < Signal",41.4917783381614,"Wait",40260.11
"384",2021-06-15 18:38:00,"MACD < Signal",48.1305637982202,"Wait",40215.78
"385",2021-06-15 18:39:00,"MACD < Signal",49.3968927916627,"Wait",40259.98
"386",2021-06-15 18:40:00,"MACD < Signal",49.9044610825141,"Wait",40273.91
"387",2021-06-15 18:41:00,"MACD < Signal",40.5359190908148,"Wait",40249.03
"388",2021-06-15 18:42:00,"MACD < Signal",38.6013263284821,"Wait",40220.79
"389",2021-06-15 18:43:00,"MACD < Signal",26.9700617204914,"Buy",40235.88
"390",2021-06-15 18:44:00,"MACD < Signal",30.2336931557197,"Wait",40236.13
"391",2021-06-15 18:45:00,"MACD < Signal",36.8532100874122,"Wait",40231.82
"392",2021-06-15 18:46:00,"MACD < Signal",39.1322594182779,"Wait",40236.55
"393",2021-06-15 18:47:00,"MACD < Signal",40.3300395914433,"Wait",40264.67
"394",2021-06-15 18:48:00,"MACD < Signal",51.9895112357842,"Wait",40249.78
"395",2021-06-15 18:49:00,"MACD < Signal",60.2248699446215,"Wait",40299.08
"396",2021-06-15 18:50:00,"MACD < Signal",48.6110705418429,"Wait",40308.01
"397",2021-06-15 18:51:00,"MACD < Signal",56.8976811214465,"Wait",40250.58
"398",2021-06-15 18:52:00,"MACD < Signal",52.5526391693099,"Wait",40257.89
"399",2021-06-15 18:53:00,"MACD < Signal",40.6093090595447,"Wait",40274.13
"400",2021-06-15 18:54:00,"MACD < Signal",39.8470559787209,"Wait",40212.93
"401",2021-06-15 18:55:00,"MACD < Signal",45.5993374319122,"Wait",40185.3
"402",2021-06-15 18:56:00,"MACD < Signal",42.4058805999801,"Wait",40193.17
"403",2021-06-15 18:57:00,"MACD < Signal",42.7640671273457,"Wait",40190
"404",2021-06-15 18:58:00,"MACD < Signal",48.345084516149,"Wait",40194
"405",2021-06-15 18:59:00,"MACD < Signal",54.1047736287777,"Wait",40221.07
"406",2021-06-15 19:00:00,"Signal < MACD",55.9450659104034,"Wait",40266.56
"407",2021-06-15 19:01:00,"MACD < Signal",46.9790518191841,"Wait",40309.9
"408",2021-06-15 19:02:00,"MACD < Signal",39.8986453562037,"Wait",40222.39
"409",2021-06-15 19:03:00,"MACD < Signal",37.5427365970763,"Wait",40216.17
"410",2021-06-15 19:04:00,"MACD < Signal",48.8709512618785,"Wait",40209.89
"411",2021-06-15 19:05:00,"MACD < Signal",42.6465816917731,"Wait",40241.75
"412",2021-06-15 19:06:00,"MACD < Signal",39.6647516372321,"Wait",40195.24
"413",2021-06-15 19:07:00,"MACD < Signal",47.4895114359179,"Wait",40186.7
"414",2021-06-15 19:08:00,"MACD < Signal",54.6113123432718,"Wait",40194.39
"415",2021-06-15 19:09:00,"MACD < Signal",50.3338693412549,"Wait",40214.94
"416",2021-06-15 19:10:00,"MACD < Signal",54.0374743326488,"Wait",40195.61
"417",2021-06-15 19:11:00,"Signal < MACD",55.8375258952349,"Wait",40221.46
"418",2021-06-15 19:12:00,"Signal < MACD",55.0606068210909,"Wait",40241.34
"419",2021-06-15 19:13:00,"Signal < MACD",48.3311563794021,"Wait",40261.4
"420",2021-06-15 19:14:00,"Signal < MACD",43.9645558937889,"Wait",40254.55
"421",2021-06-15 19:15:00,"Signal < MACD",61.3768457430102,"Sell",40269.91
"422",2021-06-15 19:16:00,"Signal < MACD",50.5269623690668,"Wait",40280.33
"423",2021-06-15 19:17:00,"Signal < MACD",51.2661549563736,"Wait",40219.42
"424",2021-06-15 19:18:00,"MACD < Signal",40.5428271684324,"Wait",40212.98
"425",2021-06-15 19:19:00,"MACD < Signal",45.204135536941,"Wait",40185.85
"426",2021-06-15 19:20:00,"MACD < Signal",46.3335396039606,"Wait",40168
"427",2021-06-15 19:21:00,"MACD < Signal",49.5234630774822,"Wait",40169.36
"428",2021-06-15 19:22:00,"MACD < Signal",49.091976373041,"Wait",40191.78
"429",2021-06-15 19:23:00,"MACD < Signal",54.7304980668636,"Wait",40209.99
"430",2021-06-15 19:24:00,"MACD < Signal",44.5203936002403,"Wait",40220.57
"431",2021-06-15 19:25:00,"MACD < Signal",45.4404432132974,"Wait",40190.03
"432",2021-06-15 19:26:00,"MACD < Signal",38.6605098171714,"Wait",40216.65
"433",2021-06-15 19:27:00,"Signal < MACD",54.143597855698,"Wait",40200.99
"434",2021-06-15 19:28:00,"Signal < MACD",57.3297715749873,"Wait",40282.85
"435",2021-06-15 19:29:00,"Signal < MACD",49.9987494059676,"Wait",40323.69
"436",2021-06-15 19:30:00,"Signal < MACD",57.8565019825762,"Wait",40280.32
"437",2021-06-15 19:31:00,"Signal < MACD",49.2850098619326,"Wait",40273.72
"438",2021-06-15 19:32:00,"Signal < MACD",51.2998177945437,"Wait",40207.17
"439",2021-06-15 19:33:00,"MACD < Signal",44.5837143430651,"Wait",40195.99
"440",2021-06-15 19:34:00,"MACD < Signal",41.8157096538022,"Wait",40120.43
"441",2021-06-15 19:35:00,"MACD < Signal",39.7722105536681,"Wait",40089.51
"442",2021-06-15 19:36:00,"MACD < Signal",34.0655946964246,"Wait",40097.31
"443",2021-06-15 19:37:00,"MACD < Signal",37.6326705485993,"Wait",40055.2
"444",2021-06-15 19:38:00,"MACD < Signal",43.127629733521,"Wait",40093.57
"445",2021-06-15 19:39:00,"MACD < Signal",40.4831311792888,"Wait",40121.72
"446",2021-06-15 19:40:00,"MACD < Signal",44.214266965494,"Wait",40123.29
"447",2021-06-15 19:41:00,"MACD < Signal",34.1774865991677,"Wait",40145.02
"448",2021-06-15 19:42:00,"Signal < MACD",31.8004541864148,"Wait",40150.01
"449",2021-06-15 19:43:00,"Signal < MACD",38.6228886136663,"Wait",40176.22
"450",2021-06-15 19:44:00,"Signal < MACD",39.314061997212,"Wait",40193.96
"451",2021-06-15 19:45:00,"Signal < MACD",47.6548025353487,"Wait",40194
"452",2021-06-15 19:46:00,"Signal < MACD",47.0748779861289,"Wait",40192.74
"453",2021-06-15 19:47:00,"Signal < MACD",46.7431850789097,"Wait",40177.76
"454",2021-06-15 19:48:00,"MACD < Signal",51.8203025590277,"Wait",40100.01
"455",2021-06-15 19:49:00,"MACD < Signal",39.9303857549694,"Wait",40099.8
"456",2021-06-15 19:50:00,"MACD < Signal",55.0741040150907,"Wait",40026
"457",2021-06-15 19:51:00,"MACD < Signal",49.5685665661482,"Wait",40092.86
"458",2021-06-15 19:52:00,"MACD < Signal",46.0006393861886,"Wait",40090.68
"459",2021-06-15 19:53:00,"MACD < Signal",43.3995059921323,"Wait",40097.76
"460",2021-06-15 19:54:00,"MACD < Signal",41.922463155919,"Wait",40079.99
"461",2021-06-15 19:55:00,"MACD < Signal",31.730052199851,"Wait",40092.04
"462",2021-06-15 19:56:00,"MACD < Signal",23.7463126843655,"Buy",40003.01
"463",2021-06-15 19:57:00,"MACD < Signal",23.0272952853599,"Buy",39951.96
"464",2021-06-15 19:58:00,"MACD < Signal",24.0981543624164,"Buy",39965.7
"465",2021-06-15 19:59:00,"MACD < Signal",32.0025149324115,"Wait",39971.72
"466",2021-06-15 20:00:00,"MACD < Signal",29.5546480345293,"Buy",40020.99
"467",2021-06-15 20:01:00,"MACD < Signal",32.9336151490318,"Wait",39966.49
"468",2021-06-15 20:02:00,"MACD < Signal",36.4766246243788,"Wait",39941.75
"469",2021-06-15 20:03:00,"MACD < Signal",37.025355853426,"Wait",39967.49
"470",2021-06-15 20:04:00,"MACD < Signal",27.4600253352135,"Buy",39902.22
"471",2021-06-15 20:05:00,"MACD < Signal",31.4425483503987,"Wait",39904.25
"472",2021-06-15 20:06:00,"MACD < Signal",36.6849482023161,"Wait",39927.54
"473",2021-06-15 20:07:00,"Signal < MACD",39.974691553306,"Wait",39965.81
"474",2021-06-15 20:08:00,"Signal < MACD",37.887973359518,"Wait",39984.93
"475",2021-06-15 20:09:00,"Signal < MACD",42.6679167267656,"Wait",39978.56
"476",2021-06-15 20:10:00,"Signal < MACD",56.4844910846957,"Wait",39942.01
"477",2021-06-15 20:11:00,"Signal < MACD",59.3418512332162,"Wait",40007.81
"478",2021-06-15 20:12:00,"Signal < MACD",56.948553670633,"Wait",40051.83
"479",2021-06-15 20:13:00,"Signal < MACD",53.3296414232315,"Wait",40037
"480",2021-06-15 20:14:00,"Signal < MACD",53.1359205444178,"Wait",40046.57
"481",2021-06-15 20:15:00,"Signal < MACD",60.1535209700744,"Sell",39995.23
"482",2021-06-15 20:16:00,"Signal < MACD",56.5020557121084,"Wait",40033.01
"483",2021-06-15 20:17:00,"Signal < MACD",66.9539998388785,"Sell",40023.79
"484",2021-06-15 20:18:00,"Signal < MACD",70.6069219194119,"Sell",40028.49
"485",2021-06-15 20:19:00,"Signal < MACD",64.2467854193697,"Sell",40076.81
"486",2021-06-15 20:20:00,"Signal < MACD",62.5225670829723,"Sell",40048.32
"487",2021-06-15 20:21:00,"Signal < MACD",58.6097284510371,"Wait",40071.24
"488",2021-06-15 20:22:00,"Signal < MACD",55.8464428269551,"Wait",40054.81
"489",2021-06-15 20:23:00,"Signal < MACD",50.8541617669066,"Wait",40028.37
"490",2021-06-15 20:24:00,"MACD < Signal",47.0624812878567,"Wait",39949.99
"491",2021-06-15 20:25:00,"MACD < Signal",38.2375387550681,"Wait",39982.3
"492",2021-06-15 20:26:00,"MACD < Signal",48.5056210584044,"Wait",39953.2
"493",2021-06-15 20:27:00,"MACD < Signal",46.2477367131747,"Wait",40022.83
"494",2021-06-15 20:28:00,"Signal < MACD",53.7199047327095,"Wait",40014.54
"495",2021-06-15 20:29:00,"Signal < MACD",46.1864406779663,"Wait",40025.33
"496",2021-06-15 20:30:00,"Signal < MACD",49.7457202206149,"Wait",40000.32
"497",2021-06-15 20:31:00,"MACD < Signal",43.5714744206952,"Wait",40021.67
"498",2021-06-15 20:32:00,"MACD < Signal",34.6872697228866,"Wait",39968.41
"499",2021-06-15 20:33:00,"MACD < Signal",26.5879332477544,"Buy",39939.64
"500",2021-06-15 20:34:00,"MACD < Signal",28.2687226143102,"Buy",39774.74
